time,open,high,low,close,avg
2018-09-01 01:00:00,7011.21,7049.91,7010.0,7044.59,7038.43027012067
2018-09-01 02:00:00,7043.96,7061.01,7032.19,7036.0,7047.37348790323
2018-09-01 03:00:00,7037.0,7066.9,7034.32,7046.22,7049.66784184589
2018-09-01 04:00:00,7046.22,7071.0,7041.83,7066.91,7054.71812897154
2018-09-01 05:00:00,7066.92,7077.69,7041.16,7054.69,7055.78690356826
2018-09-01 06:00:00,7054.69,7060.09,7027.37,7047.94,7043.95095437778
2018-09-01 07:00:00,7047.01,7055.0,7034.0,7054.85,7044.22967036255
2018-09-01 08:00:00,7052.54,7067.93,7045.0,7046.99,7052.51706102537
2018-09-01 09:00:00,7046.99,7065.0,7046.57,7061.22,7052.21450042078
2018-09-01 10:00:00,7061.22,7084.32,7049.98,7070.87,7065.76310543607
2018-09-01 11:00:00,7070.87,7103.44,7065.1,7099.72,7079.65792177031
2018-09-01 12:00:00,7099.72,7113.58,7067.0,7068.22,7084.45071679905
2018-09-01 13:00:00,7069.34,7071.35,7031.0,7035.01,7044.91981633008
2018-09-01 14:00:00,7035.85,7060.96,7032.72,7060.0,7049.45132357931
2018-09-01 15:00:00,7060.01,7131.02,7038.1,7126.99,7064.86754765843
2018-09-01 16:00:00,7130.0,7220.04,7129.99,7166.53,7178.19762148176
2018-09-01 17:00:00,7167.02,7216.01,7166.61,7188.01,7196.74774971943
2018-09-01 18:00:00,7190.0,7210.0,7171.82,7193.0,7191.92808237055
2018-09-01 19:00:00,7196.31,7206.38,7188.0,7201.52,7195.20898845307
2018-09-01 20:00:00,7200.77,7270.0,7198.01,7250.82,7228.16266764414
2018-09-01 21:00:00,7250.82,7255.21,7181.42,7189.49,7204.73822581907
2018-09-01 22:00:00,7189.05,7215.41,7168.62,7187.52,7194.13554638618
2018-09-01 23:00:00,7187.53,7216.14,7175.0,7193.0,7194.13248199208
2018-09-02 00:00:00,7193.01,7210.31,7186.69,7201.59,7198.92141122813
2018-09-02 01:00:00,7201.57,7210.0,7135.07,7162.03,7181.75510666481
2018-09-02 02:00:00,7163.82,7170.0,7127.05,7146.69,7147.4296619583
2018-09-02 03:00:00,7146.69,7175.0,7140.0,7170.2,7156.43662756429
2018-09-02 04:00:00,7173.83,7205.0,7161.01,7192.47,7184.93591988273
2018-09-02 05:00:00,7194.01,7230.84,7189.13,7212.97,7216.58464774151
2018-09-02 06:00:00,7215.04,7242.0,7203.7,7233.01,7220.4920052446
2018-09-02 07:00:00,7233.66,7242.88,7204.0,7210.47,7218.64609440358
2018-09-02 08:00:00,7210.5,7247.92,7210.0,7231.9,7228.12557606828
2018-09-02 09:00:00,7233.66,7300.0,7233.66,7283.89,7276.91682661304
2018-09-02 10:00:00,7281.35,7340.0,7250.1,7300.0,7288.88461827064
2018-09-02 11:00:00,7299.99,7325.0,7269.0,7283.83,7286.34914040738
2018-09-02 12:00:00,7283.83,7287.46,7215.14,7230.75,7255.39028869493
2018-09-02 13:00:00,7230.4,7270.82,7228.55,7259.82,7252.09050503787
2018-09-02 14:00:00,7259.82,7260.0,7177.84,7187.0,7224.15817781276
2018-09-02 15:00:00,7190.71,7236.81,7187.0,7235.83,7216.88364097498
2018-09-02 16:00:00,7235.84,7249.25,7211.98,7216.49,7232.73935911792
2018-09-02 17:00:00,7214.24,7287.61,7190.0,7274.99,7245.59540846783
2018-09-02 18:00:00,7274.99,7315.85,7263.01,7297.09,7290.24472416736
2018-09-02 19:00:00,7298.38,7322.5,7237.06,7308.84,7291.65328768792
2018-09-02 20:00:00,7311.69,7333.32,7283.51,7310.25,7305.31392181618
2018-09-02 21:00:00,7310.26,7310.38,7263.0,7284.13,7282.24044697853
2018-09-02 22:00:00,7284.13,7308.86,7274.85,7282.94,7291.52386913736
2018-09-02 23:00:00,7282.93,7295.87,7265.0,7281.54,7282.26007165085
2018-09-03 00:00:00,7281.54,7313.1,7272.68,7302.01,7286.30720883648
2018-09-03 01:00:00,7298.27,7325.0,7268.0,7282.3,7294.08558095126
2018-09-03 02:00:00,7282.3,7282.63,7248.0,7271.65,7266.67512993661
2018-09-03 03:00:00,7271.64,7282.99,7248.81,7281.21,7266.71129167584
2018-09-03 04:00:00,7281.21,7290.87,7257.87,7263.95,7275.30887560783
2018-09-03 05:00:00,7263.02,7264.04,7192.42,7210.46,7222.88653425196
2018-09-03 06:00:00,7210.46,7230.01,7207.45,7225.0,7219.85519636619
2018-09-03 07:00:00,7225.0,7259.95,7213.25,7257.43,7234.14988223645
2018-09-03 08:00:00,7257.43,7259.97,7233.1,7252.17,7243.19149542386
2018-09-03 09:00:00,7253.01,7274.99,7241.44,7250.17,7255.85297218454
2018-09-03 10:00:00,7250.22,7251.97,7213.53,7225.97,7228.80575333577
2018-09-03 11:00:00,7224.11,7245.43,7214.65,7240.0,7232.29809502079
2018-09-03 12:00:00,7240.01,7245.01,7220.0,7226.6,7234.3573864923
2018-09-03 13:00:00,7226.6,7267.0,7225.01,7254.52,7250.31852839543
2018-09-03 14:00:00,7253.03,7306.47,7251.99,7286.01,7281.34413833746
2018-09-03 15:00:00,7286.01,7296.14,7263.03,7290.08,7281.40521379802
2018-09-03 16:00:00,7290.08,7298.0,7273.62,7289.25,7281.51292760693
2018-09-03 17:00:00,7289.5,7292.83,7258.64,7263.02,7269.59909337829
2018-09-03 18:00:00,7263.04,7297.0,7257.63,7286.86,7276.40245521732
2018-09-03 19:00:00,7286.0,7290.9,7270.0,7284.34,7279.83334539302
2018-09-03 20:00:00,7284.35,7333.93,7271.11,7316.19,7304.75427640747
2018-09-03 21:00:00,7316.19,7320.0,7283.03,7305.3,7302.48815040695
2018-09-03 22:00:00,7305.3,7320.0,7293.16,7319.99,7307.54476301358
2018-09-03 23:00:00,7320.0,7337.0,7255.03,7260.35,7299.65585007699
2018-09-04 00:00:00,7261.0,7277.48,7234.92,7261.02,7262.76287590595
2018-09-04 01:00:00,7263.02,7276.95,7252.51,7270.03,7266.01093902673
2018-09-04 02:00:00,7270.03,7292.0,7270.01,7284.19,7282.11433343489
2018-09-04 03:00:00,7284.28,7296.0,7276.0,7280.3,7288.33614789097
2018-09-04 04:00:00,7280.3,7285.49,7271.0,7272.16,7277.75210552546
2018-09-04 05:00:00,7272.19,7277.03,7235.0,7271.0,7257.1296652237
2018-09-04 06:00:00,7271.79,7279.27,7262.0,7275.11,7270.50077048389
2018-09-04 07:00:00,7276.33,7310.0,7275.09,7291.09,7291.90520846021
2018-09-04 08:00:00,7293.71,7323.18,7282.65,7323.18,7295.74584593706
2018-09-04 09:00:00,7323.2,7327.96,7297.67,7299.01,7309.04490203942
2018-09-04 10:00:00,7299.01,7309.31,7290.29,7305.03,7299.50105617061
2018-09-04 11:00:00,7305.03,7325.0,7303.44,7325.0,7313.24615478516
2018-09-04 12:00:00,7325.0,7349.0,7321.33,7345.0,7334.19482095992
2018-09-04 13:00:00,7345.0,7407.2,7343.3,7364.0,7373.31062674991
2018-09-04 14:00:00,7364.58,7375.0,7335.01,7373.65,7363.7571091357
2018-09-04 15:00:00,7373.63,7387.88,7365.0,7368.94,7377.29233827995
2018-09-04 16:00:00,7368.94,7385.0,7356.33,7375.0,7371.79820316848
2018-09-04 17:00:00,7377.89,7381.22,7359.3,7378.01,7370.93160747513
2018-09-04 18:00:00,7378.13,7391.75,7376.46,7387.1,7384.96471522633
2018-09-04 19:00:00,7387.72,7409.9,7336.02,7358.03,7378.63995123705
2018-09-04 20:00:00,7358.04,7377.66,7336.03,7356.0,7355.31581726414
2018-09-04 21:00:00,7355.94,7370.5,7346.0,7367.61,7359.26439980349
2018-09-04 22:00:00,7365.25,7380.0,7355.92,7362.0,7368.45254700115
2018-09-04 23:00:00,7362.01,7368.39,7341.0,7359.78,7358.33081339994
2018-09-05 00:00:00,7359.21,7364.62,7345.0,7359.06,7356.4938103891
2018-09-05 01:00:00,7355.99,7379.0,7355.25,7379.0,7364.93452361446
2018-09-05 02:00:00,7378.28,7394.94,7367.14,7386.46,7381.03708161319
2018-09-05 03:00:00,7386.45,7388.14,7370.0,7375.0,7380.07324273155
2018-09-05 04:00:00,7370.0,7381.8,7359.0,7379.33,7369.23736555283
2018-09-05 05:00:00,7379.01,7382.85,7359.0,7367.19,7370.85420329909
2018-09-05 06:00:00,7367.19,7388.0,7365.89,7382.74,7376.05277673978
2018-09-05 07:00:00,7382.74,7386.99,7364.23,7381.06,7376.12792941563
2018-09-05 08:00:00,7381.11,7383.39,7363.0,7367.16,7370.25170912039
2018-09-05 09:00:00,7367.16,7391.21,7364.4,7383.42,7377.95515456346
2018-09-05 10:00:00,7383.0,7390.41,7081.49,7090.0,7355.94701821463
2018-09-05 11:00:00,7098.0,7179.99,6924.64,6991.63,7119.62720011869
2018-09-05 12:00:00,6992.26,7035.0,6935.0,6991.02,6988.68692529488
2018-09-05 13:00:00,6990.03,7037.94,6965.23,6986.74,7000.81103406816
2018-09-05 14:00:00,6986.0,7050.0,6967.62,7033.09,6998.89967433087
2018-09-05 15:00:00,7035.49,7040.98,6986.09,7017.18,7021.71465653476
2018-09-05 16:00:00,7017.35,7017.84,6938.69,6990.02,6993.97499277224
2018-09-05 17:00:00,6990.5,7000.0,6855.0,6918.63,6966.70066264798
2018-09-05 18:00:00,6916.66,6933.28,6860.54,6915.0,6901.85707811847
2018-09-05 19:00:00,6912.82,6937.85,6895.6,6923.63,6917.6022387709
2018-09-05 20:00:00,6923.63,6938.0,6885.0,6912.76,6919.96870459746
2018-09-05 21:00:00,6912.76,6967.77,6912.76,6967.77,6941.87425561578
2018-09-05 22:00:00,6968.0,6994.97,6925.03,6939.01,6951.67195035037
2018-09-05 23:00:00,6940.0,6940.0,6877.98,6912.45,6908.62376664781
2018-09-06 00:00:00,6909.42,6927.55,6682.0,6700.78,6857.55294585467
2018-09-06 01:00:00,6694.52,6725.0,6315.0,6464.99,6496.24787070225
2018-09-06 02:00:00,6462.03,6477.85,6406.47,6436.97,6435.46673325706
2018-09-06 03:00:00,6432.8,6511.35,6432.8,6469.4,6469.15834936428
2018-09-06 04:00:00,6471.99,6474.58,6411.04,6444.58,6439.75192077229
2018-09-06 05:00:00,6444.58,6467.99,6424.34,6442.0,6442.19129777326
2018-09-06 06:00:00,6449.37,6454.3,6352.74,6402.86,6418.59648219882
2018-09-06 07:00:00,6400.1,6448.0,6374.03,6418.67,6419.21949058711
2018-09-06 08:00:00,6418.67,6436.97,6382.0,6400.0,6411.2372350108
2018-09-06 09:00:00,6405.88,6450.0,6393.83,6433.95,6420.28440889182
2018-09-06 10:00:00,6437.2,6438.98,6293.67,6390.26,6400.24226951599
2018-09-06 11:00:00,6393.93,6415.0,6345.81,6373.85,6387.76769644664
2018-09-06 12:00:00,6379.25,6427.33,6375.23,6408.65,6403.81125710227
2018-09-06 13:00:00,6408.0,6419.91,6385.0,6403.02,6406.46016856602
2018-09-06 14:00:00,6400.3,6518.16,6388.0,6498.89,6443.75713461873
2018-09-06 15:00:00,6498.89,6529.5,6454.59,6475.13,6482.36332209896
2018-09-06 16:00:00,6478.63,6478.63,6403.16,6422.51,6435.50292126886
2018-09-06 17:00:00,6422.51,6458.14,6395.0,6428.46,6434.15948939576
2018-09-06 18:00:00,6424.83,6450.0,6385.2,6385.2,6428.78837165428
2018-09-06 19:00:00,6388.81,6449.98,6359.0,6421.84,6435.35987009321
2018-09-06 20:00:00,6422.98,6482.4,6414.05,6474.88,6444.41712377332
2018-09-06 21:00:00,6470.68,6472.19,6437.54,6453.0,6453.69763476672
2018-09-06 22:00:00,6453.01,6474.11,6429.14,6444.46,6448.41813740425
2018-09-06 23:00:00,6444.46,6476.17,6438.55,6474.68,6448.40423512578
2018-09-07 00:00:00,6472.61,6540.02,6470.33,6516.84,6499.55069316363
2018-09-07 01:00:00,6516.02,6516.82,6470.0,6494.08,6492.28863348674
2018-09-07 02:00:00,6494.06,6530.02,6491.28,6522.61,6506.79757787446
2018-09-07 03:00:00,6522.27,6543.0,6483.64,6499.98,6515.93897164054
2018-09-07 04:00:00,6495.54,6509.99,6490.23,6492.27,6501.37964574841
2018-09-07 05:00:00,6492.27,6496.78,6470.0,6485.98,6484.95298708435
2018-09-07 06:00:00,6485.98,6515.12,6485.98,6511.39,6503.40227795709
2018-09-07 07:00:00,6511.4,6536.0,6455.33,6464.39,6493.56342246007
2018-09-07 08:00:00,6466.03,6490.24,6464.03,6484.87,6479.38978014852
2018-09-07 09:00:00,6486.45,6489.23,6429.04,6446.89,6452.1794201273
2018-09-07 10:00:00,6446.92,6462.0,6430.0,6454.6,6449.70794905554
2018-09-07 11:00:00,6454.6,6458.37,6320.0,6363.05,6377.56868634662
2018-09-07 12:00:00,6363.05,6389.42,6340.01,6367.0,6369.12493855704
2018-09-07 13:00:00,6367.0,6448.0,6366.05,6428.2,6414.34748751174
2018-09-07 14:00:00,6429.0,6448.99,6418.11,6439.61,6435.29941835807
2018-09-07 15:00:00,6439.61,6480.0,6397.0,6415.82,6442.57061968419
2018-09-07 16:00:00,6415.84,6443.02,6359.57,6370.73,6422.58816851528
2018-09-07 17:00:00,6377.0,6475.4,6360.0,6437.69,6445.36268818153
2018-09-07 18:00:00,6438.79,6449.0,6386.64,6422.37,6416.00524902344
2018-09-07 19:00:00,6422.36,6436.67,6400.68,6417.12,6414.53028488159
2018-09-07 20:00:00,6417.11,6435.12,6405.01,6418.99,6421.36798561542
2018-09-07 21:00:00,6419.05,6460.0,6411.86,6457.15,6432.00611886782
2018-09-07 22:00:00,6454.14,6457.13,6410.0,6427.18,6440.16170927832
2018-09-07 23:00:00,6427.19,6428.58,6391.14,6398.26,6413.29902686308
2018-09-08 00:00:00,6398.0,6420.01,6380.02,6399.99,6407.72248124173
2018-09-08 01:00:00,6395.54,6448.21,6392.01,6432.6,6425.45310650244
2018-09-08 02:00:00,6432.6,6445.1,6415.88,6421.2,6430.45499134967
2018-09-08 03:00:00,6422.0,6458.48,6422.0,6444.18,6439.71159281049
2018-09-08 04:00:00,6444.18,6452.0,6414.02,6428.75,6434.66410003917
2018-09-08 05:00:00,6428.75,6433.88,6414.03,6432.11,6425.65180157818
2018-09-08 06:00:00,6432.11,6453.46,6420.0,6442.61,6435.59890290241
2018-09-08 07:00:00,6442.61,6467.56,6440.0,6444.01,6450.65968458066
2018-09-08 08:00:00,6444.01,6454.99,6440.06,6449.02,6447.00045558384
2018-09-08 09:00:00,6449.97,6477.91,6449.01,6464.56,6461.27496790129
2018-09-08 10:00:00,6464.56,6470.0,6440.41,6467.27,6458.02078931466
2018-09-08 11:00:00,6467.17,6470.94,6450.0,6459.94,6458.80017905458
2018-09-08 12:00:00,6459.11,6464.93,6420.1,6429.01,6441.90958104815
2018-09-08 13:00:00,6429.01,6429.58,6362.06,6408.9,6406.90106449117
2018-09-08 14:00:00,6407.31,6422.94,6385.21,6414.42,6409.11667910026
2018-09-08 15:00:00,6414.43,6417.18,6381.7,6404.02,6401.51820976236
2018-09-08 16:00:00,6404.03,6432.96,6386.0,6429.4,6411.57017683611
2018-09-08 17:00:00,6429.4,6434.11,6357.18,6368.0,6414.07302946553
2018-09-08 18:00:00,6364.67,6403.06,6170.0,6212.33,6343.54274066768
2018-09-08 19:00:00,6212.83,6215.0,6129.8,6188.0,6174.12445897568
2018-09-08 20:00:00,6186.28,6206.01,6150.0,6178.52,6184.0675963164
2018-09-08 21:00:00,6176.0,6184.0,6111.99,6169.3,6160.1083127025
2018-09-08 22:00:00,6169.3,6180.91,6154.53,6180.0,6170.23546411731
2018-09-08 23:00:00,6180.3,6205.98,6159.73,6180.02,6183.38020815198
2018-09-09 00:00:00,6180.03,6194.98,6167.38,6185.06,6180.82635739467
2018-09-09 01:00:00,6182.0,6187.94,6164.0,6175.48,6175.59653154193
2018-09-09 02:00:00,6173.0,6206.0,6173.0,6203.38,6188.54068593315
2018-09-09 03:00:00,6205.66,6205.66,6145.02,6157.02,6181.3234102977
2018-09-09 04:00:00,6159.84,6179.99,6143.47,6171.92,6166.48139901701
2018-09-09 05:00:00,6171.92,6190.69,6168.01,6171.82,6177.59943700846
2018-09-09 06:00:00,6171.5,6190.0,6170.29,6180.18,6180.01973868797
2018-09-09 07:00:00,6180.18,6199.0,6180.18,6187.0,6189.55167081361
2018-09-09 08:00:00,6185.99,6193.11,6176.88,6187.83,6185.98687023681
2018-09-09 09:00:00,6187.83,6196.96,6183.25,6195.9,6190.56524678616
2018-09-09 10:00:00,6195.9,6440.08,6189.0,6382.15,6293.84030861118
2018-09-09 11:00:00,6382.75,6397.79,6350.0,6359.97,6375.85605816746
2018-09-09 12:00:00,6356.71,6386.09,6356.71,6377.38,6371.58908873763
2018-09-09 13:00:00,6377.4,6396.0,6370.49,6392.6,6384.78828598584
2018-09-09 14:00:00,6392.6,6435.0,6386.01,6396.28,6397.45159331307
2018-09-09 15:00:00,6398.82,6423.81,6375.43,6380.69,6395.65751920519
2018-09-09 16:00:00,6380.69,6388.59,6353.58,6369.04,6376.30484799734
2018-09-09 17:00:00,6369.05,6386.2,6361.89,6381.8,6374.44029184864
2018-09-09 18:00:00,6383.0,6388.18,6366.42,6375.57,6377.75585095167
2018-09-09 19:00:00,6375.57,6396.28,6374.62,6377.52,6384.08250593767
2018-09-09 20:00:00,6375.48,6394.99,6373.04,6384.18,6383.45740480147
2018-09-09 21:00:00,6384.19,6400.0,6378.84,6392.39,6390.05143492562
2018-09-09 22:00:00,6392.39,6400.0,6368.0,6371.01,6388.53731035189
2018-09-09 23:00:00,6374.2,6376.09,6211.02,6252.91,6269.13457178061
2018-09-10 00:00:00,6256.94,6289.73,6235.08,6250.81,6261.27048168374
2018-09-10 01:00:00,6250.81,6277.65,6246.39,6263.52,6264.56962280954
2018-09-10 02:00:00,6263.52,6368.0,6262.69,6333.03,6298.51005745252
2018-09-10 03:00:00,6335.97,6352.15,6312.99,6321.23,6327.49281540682
2018-09-10 04:00:00,6321.25,6323.36,6293.31,6312.97,6309.76408231431
2018-09-10 05:00:00,6312.97,6314.02,6272.78,6281.65,6301.9764241944
2018-09-10 06:00:00,6281.65,6309.31,6281.64,6304.02,6296.66312803071
2018-09-10 07:00:00,6304.02,6333.69,6290.0,6332.1,6303.71267968968
2018-09-10 08:00:00,6332.1,6346.39,6315.0,6326.25,6327.8320752442
2018-09-10 09:00:00,6326.25,6335.0,6292.74,6301.82,6316.01760641539
2018-09-10 10:00:00,6303.13,6305.0,6262.0,6300.09,6291.04309611591
2018-09-10 11:00:00,6300.08,6319.99,6250.73,6306.02,6290.95913915608
2018-09-10 12:00:00,6306.02,6318.5,6280.02,6313.0,6298.07094677626
2018-09-10 13:00:00,6313.0,6317.82,6295.76,6299.81,6305.20941501949
2018-09-10 14:00:00,6302.33,6312.94,6272.05,6301.14,6288.69837085437
2018-09-10 15:00:00,6301.14,6344.95,6298.0,6311.85,6311.33495685716
2018-09-10 16:00:00,6311.87,6315.35,6282.06,6295.73,6298.27863150679
2018-09-10 17:00:00,6295.74,6300.0,6221.0,6260.49,6286.2787073448
2018-09-10 18:00:00,6252.69,6280.01,6240.0,6262.0,6263.46160203476
2018-09-10 19:00:00,6260.11,6290.25,6243.33,6277.45,6265.49021996581
2018-09-10 20:00:00,6279.46,6303.5,6274.43,6294.65,6287.63280950441
2018-09-10 21:00:00,6296.73,6317.15,6275.0,6310.3,6290.72741807967
2018-09-10 22:00:00,6310.47,6321.8,6286.28,6299.0,6307.29932645431
2018-09-10 23:00:00,6295.81,6299.98,6267.46,6293.99,6286.89401744125
2018-09-11 00:00:00,6292.25,6319.91,6287.67,6312.0,6302.30535559911
2018-09-11 01:00:00,6312.0,6346.93,6289.01,6320.01,6309.87109728236
2018-09-11 02:00:00,6320.01,6386.08,6320.01,6386.08,6331.59358180518
2018-09-11 03:00:00,6385.49,6402.67,6345.49,6357.94,6358.36364175164
2018-09-11 04:00:00,6357.94,6384.0,6355.0,6356.77,6368.94469201558
2018-09-11 05:00:00,6355.0,6365.66,6315.11,6325.96,6347.43291858896
2018-09-11 06:00:00,6325.96,6347.37,6313.04,6338.18,6330.74170003618
2018-09-11 07:00:00,6339.35,6354.84,6330.0,6333.01,6346.10545512608
2018-09-11 08:00:00,6334.98,6340.92,6303.91,6310.18,6323.80825135434
2018-09-11 09:00:00,6310.19,6331.82,6301.29,6325.0,6321.49056796135
2018-09-11 10:00:00,6325.0,6351.24,6321.0,6339.98,6335.36333290559
2018-09-11 11:00:00,6340.0,6342.47,6310.59,6315.37,6325.72713125522
2018-09-11 12:00:00,6315.1,6322.01,6250.0,6280.76,6287.24316677819
2018-09-11 13:00:00,6283.75,6293.97,6257.87,6276.79,6278.902168121
2018-09-11 14:00:00,6276.79,6303.29,6272.31,6288.01,6288.6051214552
2018-09-11 15:00:00,6288.01,6299.35,6173.56,6211.45,6281.63235084733
2018-09-11 16:00:00,6214.21,6258.0,6187.5,6248.22,6234.45458331883
2018-09-11 17:00:00,6250.63,6270.15,6234.92,6257.74,6254.20228138267
2018-09-11 18:00:00,6257.74,6260.76,6224.51,6245.0,6245.47090745861
2018-09-11 19:00:00,6244.0,6251.83,6189.0,6243.26,6233.33666149386
2018-09-11 20:00:00,6243.25,6287.99,6233.01,6270.0,6253.66315211282
2018-09-11 21:00:00,6268.0,6274.99,6246.47,6259.77,6260.28082622413
2018-09-11 22:00:00,6259.77,6320.0,6242.09,6316.63,6267.34976179278
2018-09-11 23:00:00,6318.12,6323.22,6292.02,6300.04,6305.98489021153
2018-09-12 00:00:00,6300.06,6310.84,6272.0,6295.05,6293.48193821299
2018-09-12 01:00:00,6292.32,6300.59,6259.57,6261.48,6287.12347166879
2018-09-12 02:00:00,6259.64,6281.99,6254.06,6266.87,6273.78219413757
2018-09-12 03:00:00,6266.79,6279.0,6235.09,6256.0,6259.4925018803
2018-09-12 04:00:00,6256.0,6268.49,6218.01,6260.98,6246.67636762225
2018-09-12 05:00:00,6260.97,6289.99,6252.38,6274.15,6273.68518263623
2018-09-12 06:00:00,6272.15,6305.05,6271.04,6277.47,6281.86829014069
2018-09-12 07:00:00,6276.45,6284.99,6248.99,6255.98,6266.73736558672
2018-09-12 08:00:00,6255.09,6266.99,6230.88,6243.84,6250.75015024038
2018-09-12 09:00:00,6246.59,6253.15,6196.0,6249.0,6231.69307825985
2018-09-12 10:00:00,6249.01,6265.11,6238.16,6254.22,6251.29429889547
2018-09-12 11:00:00,6254.47,6278.06,6240.0,6243.97,6255.16440851323
2018-09-12 12:00:00,6243.95,6260.0,6226.0,6243.7,6239.67591330603
2018-09-12 13:00:00,6243.78,6286.05,6243.78,6252.49,6258.54784938995
2018-09-12 14:00:00,6252.49,6297.24,6251.0,6297.24,6269.86860234723
2018-09-12 15:00:00,6298.0,6298.02,6263.6,6282.99,6282.43660781163
2018-09-12 16:00:00,6283.0,6292.75,6260.0,6269.39,6273.15498319658
2018-09-12 17:00:00,6269.39,6285.0,6261.61,6271.77,6271.58791901027
2018-09-12 18:00:00,6271.3,6318.99,6267.44,6291.02,6283.06114085542
2018-09-12 19:00:00,6291.02,6359.97,6284.09,6315.64,6305.73099754011
2018-09-12 20:00:00,6315.65,6337.38,6297.01,6313.31,6318.63390343959
2018-09-12 21:00:00,6313.86,6322.0,6297.0,6319.03,6310.02534878008
2018-09-12 22:00:00,6319.8,6345.0,6303.69,6312.99,6324.15004037763
2018-09-12 23:00:00,6313.0,6350.0,6310.02,6347.69,6326.37153521722
2018-09-13 00:00:00,6350.0,6353.48,6323.75,6337.41,6338.19305062892
2018-09-13 01:00:00,6337.4,6439.0,6337.4,6413.93,6395.48012528636
2018-09-13 02:00:00,6414.0,6424.85,6387.0,6399.01,6401.10586351898
2018-09-13 03:00:00,6399.03,6406.75,6384.23,6401.8,6395.30461852448
2018-09-13 04:00:00,6400.0,6412.0,6380.0,6388.01,6394.04445996529
2018-09-13 05:00:00,6388.0,6414.88,6384.88,6399.18,6402.72594487992
2018-09-13 06:00:00,6399.17,6407.02,6368.48,6377.0,6389.39120186204
2018-09-13 07:00:00,6377.0,6393.62,6372.0,6390.0,6384.72497222883
2018-09-13 08:00:00,6390.7,6400.0,6380.95,6385.01,6390.01198530754
2018-09-13 09:00:00,6385.23,6431.89,6385.01,6419.65,6402.40098538588
2018-09-13 10:00:00,6423.0,6487.34,6412.03,6446.04,6431.54161005435
2018-09-13 11:00:00,6446.0,6473.58,6430.55,6445.89,6452.09575314936
2018-09-13 12:00:00,6444.95,6468.88,6425.0,6467.01,6448.32557363521
2018-09-13 13:00:00,6468.0,6487.0,6437.96,6458.08,6466.33833146854
2018-09-13 14:00:00,6457.85,6535.0,6452.06,6508.25,6476.27658190046
2018-09-13 15:00:00,6509.98,6525.76,6488.44,6493.0,6505.02662464983
2018-09-13 16:00:00,6493.61,6496.25,6470.01,6480.0,6484.83911576705
2018-09-13 17:00:00,6480.0,6528.0,6479.03,6513.15,6505.66452987043
2018-09-13 18:00:00,6513.0,6528.96,6474.11,6500.98,6501.0098401593
2018-09-13 19:00:00,6500.92,6507.64,6475.15,6483.01,6493.38224184168
2018-09-13 20:00:00,6482.17,6494.0,6418.0,6447.76,6465.7579661778
2018-09-13 21:00:00,6447.78,6473.04,6415.48,6467.35,6447.89937441341
2018-09-13 22:00:00,6467.36,6474.28,6445.78,6466.86,6461.14194874243
2018-09-13 23:00:00,6466.86,6501.36,6462.84,6477.9,6484.00280156468
2018-09-14 00:00:00,6480.0,6518.99,6474.88,6487.38,6496.5159199806
2018-09-14 01:00:00,6487.39,6501.24,6454.68,6461.93,6478.14781694189
2018-09-14 02:00:00,6463.87,6495.09,6462.01,6488.99,6482.01182870854
2018-09-14 03:00:00,6488.99,6564.32,6488.78,6552.0,6521.52461866783
2018-09-14 04:00:00,6551.99,6582.4,6542.36,6542.36,6562.38527458
2018-09-14 05:00:00,6545.78,6570.0,6535.43,6543.94,6550.71685393625
2018-09-14 06:00:00,6545.0,6570.91,6543.34,6548.48,6556.65333855837
2018-09-14 07:00:00,6548.48,6561.15,6538.0,6555.04,6549.93440455816
2018-09-14 08:00:00,6555.94,6583.89,6537.0,6543.84,6562.73218278368
2018-09-14 09:00:00,6543.88,6549.38,6388.5,6417.19,6519.4370274873
2018-09-14 10:00:00,6419.58,6464.56,6405.07,6425.5,6438.52276825308
2018-09-14 11:00:00,6426.07,6465.85,6425.0,6441.0,6445.63964980065
2018-09-14 12:00:00,6441.0,6480.49,6438.19,6458.99,6467.11950499773
2018-09-14 13:00:00,6459.28,6473.99,6443.0,6465.96,6459.1130235158
2018-09-14 14:00:00,6465.96,6466.42,6427.87,6446.03,6453.45537659474
2018-09-14 15:00:00,6443.87,6458.86,6426.01,6449.99,6443.56556678708
2018-09-14 16:00:00,6451.99,6485.31,6449.47,6479.99,6469.17404821838
2018-09-14 17:00:00,6479.99,6522.93,6478.33,6506.26,6502.47171772833
2018-09-14 18:00:00,6509.06,6509.06,6465.0,6467.5,6486.17441460655
2018-09-14 19:00:00,6465.99,6486.0,6455.0,6476.06,6472.8204764405
2018-09-14 20:00:00,6477.95,6538.67,6474.66,6531.0,6500.29049442897
2018-09-14 21:00:00,6531.0,6544.17,6506.36,6531.16,6525.80911331389
2018-09-14 22:00:00,6531.26,6537.99,6495.0,6509.21,6523.00936864175
2018-09-14 23:00:00,6509.2,6538.0,6496.89,6514.09,6517.44215021998
2018-09-15 00:00:00,6514.08,6528.99,6450.04,6476.62,6502.87904797397
2018-09-15 01:00:00,6476.46,6503.53,6473.3,6480.94,6488.02436893183
2018-09-15 02:00:00,6486.22,6527.79,6480.98,6520.52,6505.63559793496
2018-09-15 03:00:00,6520.01,6525.23,6494.58,6499.57,6510.45947265625
2018-09-15 04:00:00,6499.57,6507.61,6480.01,6496.85,6492.79911598825
2018-09-15 05:00:00,6496.85,6518.19,6490.41,6511.06,6499.82634133412
2018-09-15 06:00:00,6511.07,6518.43,6480.0,6491.05,6499.38476426337
2018-09-15 07:00:00,6491.05,6493.67,6468.66,6483.85,6484.12990048415
2018-09-15 08:00:00,6483.85,6506.95,6483.84,6498.01,6494.0037093624
2018-09-15 09:00:00,6498.57,6535.0,6497.02,6512.9,6513.1585033336
2018-09-15 10:00:00,6512.9,6535.94,6512.9,6534.91,6522.33674012663
2018-09-15 11:00:00,6533.01,6556.11,6512.41,6520.02,6522.87333603543
2018-09-15 12:00:00,6520.32,6528.69,6496.44,6522.55,6513.61576237161
2018-09-15 13:00:00,6523.51,6536.92,6513.04,6531.02,6524.08714408153
2018-09-15 14:00:00,6532.5,6564.99,6530.98,6540.0,6545.40779136747
2018-09-15 15:00:00,6541.48,6565.45,6528.0,6540.02,6548.82256566635
2018-09-15 16:00:00,6540.02,6546.65,6521.0,6542.22,6536.31788850322
2018-09-15 17:00:00,6539.03,6556.74,6531.87,6547.51,6543.03344142364
2018-09-15 18:00:00,6547.1,6558.0,6530.0,6548.02,6542.70479479123
2018-09-15 19:00:00,6548.02,6549.95,6506.67,6523.02,6533.13259989647
2018-09-15 20:00:00,6521.23,6539.09,6506.67,6530.0,6527.69415385269
2018-09-15 21:00:00,6530.0,6537.0,6521.06,6533.01,6526.95707697533
2018-09-15 22:00:00,6533.0,6534.97,6471.5,6495.0,6504.00768227354
2018-09-15 23:00:00,6492.65,6534.99,6491.88,6517.96,6517.96527106414
2018-09-16 00:00:00,6517.96,6529.81,6514.96,6514.96,6522.45372073033
2018-09-16 01:00:00,6514.95,6524.62,6498.0,6511.07,6509.70642993314
2018-09-16 02:00:00,6511.07,6522.98,6487.05,6495.98,6510.75965938239
2018-09-16 03:00:00,6495.98,6507.1,6476.9,6499.01,6494.54661766626
2018-09-16 04:00:00,6498.0,6504.13,6469.36,6478.33,6490.9188413418
2018-09-16 05:00:00,6478.38,6484.62,6374.0,6454.9,6438.24227608079
2018-09-16 06:00:00,6455.12,6472.97,6442.32,6468.58,6460.34644410606
2018-09-16 07:00:00,6467.15,6471.08,6449.68,6462.47,6460.55377723724
2018-09-16 08:00:00,6462.47,6464.28,6445.02,6447.82,6455.55459125748
2018-09-16 09:00:00,6448.97,6498.97,6447.76,6485.99,6474.68307855347
2018-09-16 10:00:00,6485.99,6498.2,6476.68,6492.21,6488.56523116155
2018-09-16 11:00:00,6493.4,6519.99,6478.0,6508.98,6492.5832283003
2018-09-16 12:00:00,6508.44,6517.59,6492.5,6499.35,6499.26025581041
2018-09-16 13:00:00,6499.35,6508.34,6488.01,6502.73,6498.23079381822
2018-09-16 14:00:00,6502.73,6510.97,6475.07,6482.79,6493.04905950188
2018-09-16 15:00:00,6480.14,6482.73,6456.01,6476.5,6467.45671587904
2018-09-16 16:00:00,6480.0,6482.0,6464.03,6481.88,6473.32685057234
2018-09-16 17:00:00,6482.0,6490.0,6477.13,6480.83,6484.40063041083
2018-09-16 18:00:00,6480.83,6492.0,6421.12,6473.99,6474.25758168108
2018-09-16 19:00:00,6473.99,6493.0,6473.99,6487.96,6486.53685191267
2018-09-16 20:00:00,6487.95,6516.0,6483.13,6505.73,6494.54019520369
2018-09-16 21:00:00,6505.73,6516.99,6492.52,6502.24,6503.94985756426
2018-09-16 22:00:00,6502.24,6511.01,6485.0,6490.4,6499.82612323708
2018-09-16 23:00:00,6490.0,6500.0,6477.26,6499.78,6489.46086200379
2018-09-17 00:00:00,6499.78,6507.0,6490.0,6505.0,6498.34672674748
2018-09-17 01:00:00,6500.08,6533.84,6500.08,6523.72,6523.01472646463
2018-09-17 02:00:00,6523.71,6531.2,6511.0,6518.01,6519.16200796692
2018-09-17 03:00:00,6518.01,6520.68,6501.0,6517.47,6513.08314829186
2018-09-17 04:00:00,6517.46,6519.05,6505.71,6517.16,6513.57223356201
2018-09-17 05:00:00,6517.17,6521.0,6470.0,6474.02,6498.1064637792
2018-09-17 06:00:00,6475.99,6489.89,6462.99,6483.02,6478.02323767443
2018-09-17 07:00:00,6483.02,6494.57,6470.84,6482.2,6482.39821036081
2018-09-17 08:00:00,6482.2,6489.85,6460.0,6480.01,6472.70981276752
2018-09-17 09:00:00,6480.01,6481.87,6461.34,6476.2,6472.17506572178
2018-09-17 10:00:00,6476.19,6509.99,6418.0,6492.66,6482.44015156294
2018-09-17 11:00:00,6494.95,6503.58,6473.0,6474.58,6489.70177434229
2018-09-17 12:00:00,6478.1,6490.0,6465.1,6475.94,6479.941773683
2018-09-17 13:00:00,6475.94,6475.94,6438.1,6454.31,6457.35270699423
2018-09-17 14:00:00,6452.74,6463.82,6390.0,6421.64,6445.93667604239
2018-09-17 15:00:00,6421.64,6427.36,6327.18,6354.78,6365.91562075171
2018-09-17 16:00:00,6354.78,6354.85,6225.0,6265.07,6273.43837330881
2018-09-17 17:00:00,6262.1,6301.04,6261.01,6264.74,6281.370048714
2018-09-17 18:00:00,6268.99,6299.0,6264.77,6299.0,6280.04721774896
2018-09-17 19:00:00,6296.07,6320.0,6275.88,6298.0,6305.94182275717
2018-09-17 20:00:00,6298.0,6314.96,6243.08,6269.96,6295.11658760385
2018-09-17 21:00:00,6269.01,6270.0,6208.36,6222.87,6239.45098710525
2018-09-17 22:00:00,6222.0,6261.05,6222.0,6251.36,6249.5890914815
2018-09-17 23:00:00,6251.37,6275.0,6223.01,6249.01,6247.31868815648
2018-09-18 00:00:00,6249.01,6279.0,6247.28,6252.27,6264.7796348113
2018-09-18 01:00:00,6252.25,6260.79,6224.99,6250.99,6248.77564468341
2018-09-18 02:00:00,6251.87,6264.36,6249.04,6256.01,6256.46211332561
2018-09-18 03:00:00,6256.01,6258.01,6235.05,6249.57,6248.02776025717
2018-09-18 04:00:00,6249.57,6251.32,6229.31,6238.74,6242.79608280248
2018-09-18 05:00:00,6238.74,6270.0,6232.73,6265.0,6250.30712210188
2018-09-18 06:00:00,6265.01,6286.69,6262.1,6276.25,6274.51179410037
2018-09-18 07:00:00,6276.02,6285.5,6262.02,6273.0,6274.35492748331
2018-09-18 08:00:00,6273.0,6292.78,6270.0,6290.15,6278.57211636754
2018-09-18 09:00:00,6290.15,6296.81,6252.9,6261.02,6274.8779968024
2018-09-18 10:00:00,6261.0,6263.24,6242.0,6261.03,6253.94152198872
2018-09-18 11:00:00,6261.03,6269.73,6239.43,6249.93,6256.20184530075
2018-09-18 12:00:00,6249.93,6291.0,6234.44,6287.64,6261.23703852528
2018-09-18 13:00:00,6287.65,6346.0,6268.0,6328.16,6308.07249889076
2018-09-18 14:00:00,6328.92,6389.93,6328.19,6366.02,6360.19347695443
2018-09-18 15:00:00,6364.44,6378.65,6347.54,6363.97,6362.61260342957
2018-09-18 16:00:00,6363.95,6389.53,6336.47,6360.01,6355.19234391321
2018-09-18 17:00:00,6360.0,6369.97,6344.14,6352.98,6356.47062645723
2018-09-18 18:00:00,6350.33,6354.1,6307.17,6323.6,6325.62371315844
2018-09-18 19:00:00,6323.6,6342.31,6312.62,6334.02,6326.47772216797
2018-09-18 20:00:00,6335.0,6341.39,6293.32,6302.01,6329.46073189356
2018-09-18 21:00:00,6302.0,6343.36,6283.01,6325.29,6318.28927472504
2018-09-18 22:00:00,6325.25,6334.0,6312.53,6324.01,6323.35539887902
2018-09-18 23:00:00,6324.01,6368.99,6321.61,6358.15,6348.94165759121
2018-09-19 00:00:00,6358.32,6362.22,6328.64,6330.73,6345.87410939676
2018-09-19 01:00:00,6336.45,6337.15,6307.24,6320.03,6326.27123439239
2018-09-19 02:00:00,6321.96,6357.0,6320.15,6348.87,6341.17231896619
2018-09-19 03:00:00,6348.87,6351.34,6332.14,6349.19,6342.70166368665
2018-09-19 04:00:00,6349.19,6369.0,6327.54,6361.04,6344.92931162686
2018-09-19 05:00:00,6362.57,6362.59,6327.06,6335.5,6342.7486292762
2018-09-19 06:00:00,6335.51,6353.88,6332.74,6352.37,6344.10712172884
2018-09-19 07:00:00,6352.34,6369.04,6344.62,6351.51,6350.7286794723
2018-09-19 08:00:00,6351.51,6360.19,6329.0,6355.11,6344.98435051793
2018-09-19 09:00:00,6356.95,6366.95,6340.62,6346.63,6352.69240999965
2018-09-19 10:00:00,6346.65,6349.73,6290.06,6321.9,6323.02190033843
2018-09-19 11:00:00,6321.9,6335.0,6314.82,6320.01,6326.24812272715
2018-09-19 12:00:00,6320.02,6330.0,6264.96,6285.4,6310.68578312256
2018-09-19 13:00:00,6286.41,6303.76,6252.17,6300.91,6283.74647334316
2018-09-19 14:00:00,6300.9,6304.96,6281.04,6289.94,6294.05210161899
2018-09-19 15:00:00,6289.94,6346.78,6282.0,6328.49,6312.48449652657
2018-09-19 16:00:00,6326.01,6346.0,6320.01,6327.92,6334.68841049772
2018-09-19 17:00:00,6327.95,6340.01,6315.0,6326.56,6327.1535057942
2018-09-19 18:00:00,6326.56,6338.0,6307.0,6325.56,6326.92536148037
2018-09-19 19:00:00,6323.32,6328.33,6123.04,6160.8,6270.93863297571
2018-09-19 20:00:00,6162.45,6514.99,6125.04,6410.2,6352.46698120389
2018-09-19 21:00:00,6410.21,6463.1,6402.0,6423.94,6424.95015695726
2018-09-19 22:00:00,6423.94,6448.33,6378.0,6395.0,6420.60283012709
2018-09-19 23:00:00,6396.82,6410.0,6366.0,6386.75,6386.97844416258
2018-09-20 00:00:00,6386.75,6393.17,6373.19,6391.89,6384.76471838637
2018-09-20 01:00:00,6391.89,6427.96,6388.09,6420.06,6406.58793219819
2018-09-20 02:00:00,6421.5,6422.0,6401.0,6407.12,6410.14916216922
2018-09-20 03:00:00,6407.12,6409.97,6375.01,6387.89,6388.67062901282
2018-09-20 04:00:00,6386.08,6409.99,6378.73,6397.29,6390.36500531485
2018-09-20 05:00:00,6397.29,6406.52,6384.0,6388.37,6398.17982222643
2018-09-20 06:00:00,6391.36,6398.79,6382.54,6389.05,6390.12511023072
2018-09-20 07:00:00,6387.01,6410.0,6385.0,6399.91,6398.73906794046
2018-09-20 08:00:00,6399.97,6413.14,6395.0,6410.41,6404.43183604637
2018-09-20 09:00:00,6410.98,6412.71,6375.78,6388.0,6393.49260439192
2018-09-20 10:00:00,6387.98,6394.16,6382.0,6387.0,6389.17496091573
2018-09-20 11:00:00,6387.0,6413.42,6383.65,6413.42,6394.59036797834
2018-09-20 12:00:00,6413.41,6439.95,6403.82,6427.89,6419.55134760185
2018-09-20 13:00:00,6425.03,6449.0,6418.7,6425.0,6430.74161303548
2018-09-20 14:00:00,6425.0,6428.01,6396.51,6420.01,6412.8350859984
2018-09-20 15:00:00,6421.0,6425.0,6410.24,6416.0,6418.73558755605
2018-09-20 16:00:00,6416.0,6429.08,6396.01,6417.92,6414.89879600913
2018-09-20 17:00:00,6417.92,6430.0,6411.01,6421.99,6418.46464245299
2018-09-20 18:00:00,6421.99,6428.0,6390.03,6399.99,6412.9731238575
2018-09-20 19:00:00,6400.51,6409.55,6390.02,6407.0,6401.67507114644
2018-09-20 20:00:00,6407.0,6435.96,6399.29,6420.0,6418.46300772536
2018-09-20 21:00:00,6422.45,6436.98,6334.08,6381.0,6399.84999994557
2018-09-20 22:00:00,6380.99,6508.0,6350.05,6494.99,6396.63541140756
2018-09-20 23:00:00,6488.99,6534.98,6463.41,6528.02,6482.67221410684
2018-09-21 00:00:00,6528.2,6539.93,6485.0,6494.74,6502.19457694986
2018-09-21 01:00:00,6491.03,6535.86,6491.03,6510.13,6514.62516766777
2018-09-21 02:00:00,6510.2,6516.42,6492.06,6502.0,6501.28405257071
2018-09-21 03:00:00,6502.01,6577.96,6500.0,6551.81,6518.27487514145
2018-09-21 04:00:00,6555.66,6565.94,6535.64,6554.7,6550.8774762058
2018-09-21 05:00:00,6554.67,6563.82,6535.5,6548.06,6547.07584317703
2018-09-21 06:00:00,6547.0,6549.85,6525.0,6535.85,6538.55252472365
2018-09-21 07:00:00,6535.85,6564.0,6532.14,6550.04,6546.94455041109
2018-09-21 08:00:00,6550.06,6674.04,6540.82,6647.89,6591.19457912498
2018-09-21 09:00:00,6647.91,6739.0,6647.91,6700.7,6705.70213756264
2018-09-21 10:00:00,6701.39,6720.17,6671.87,6706.01,6694.69220493474
2018-09-21 11:00:00,6706.01,6719.57,6685.0,6697.0,6700.19071053078
2018-09-21 12:00:00,6695.01,6770.0,6695.01,6742.25,6720.88444979013
2018-09-21 13:00:00,6742.23,6744.96,6703.59,6732.02,6727.83090181058
2018-09-21 14:00:00,6734.86,6778.76,6725.05,6729.91,6742.68315437839
2018-09-21 15:00:00,6727.83,6752.07,6694.74,6722.35,6727.12291699273
2018-09-21 16:00:00,6721.59,6734.53,6666.01,6681.59,6701.24221335659
2018-09-21 17:00:00,6681.65,6734.99,6681.65,6719.97,6715.73622333778
2018-09-21 18:00:00,6717.23,6720.0,6695.69,6703.34,6709.41839749139
2018-09-21 19:00:00,6703.06,6750.0,6690.0,6737.84,6718.30417311908
2018-09-21 20:00:00,6739.98,6780.13,6725.01,6749.13,6752.6657674063
2018-09-21 21:00:00,6749.14,6777.99,6708.0,6711.46,6758.29952520358
2018-09-21 22:00:00,6707.78,6760.69,6685.01,6728.0,6736.99057785936
2018-09-21 23:00:00,6727.97,6740.0,6715.0,6737.87,6730.40592048505
2018-09-22 00:00:00,6737.87,6768.31,6730.62,6760.0,6746.47724277137
2018-09-22 01:00:00,6759.02,6839.03,6757.99,6802.95,6800.52064946592
2018-09-22 02:00:00,6802.95,6815.0,6743.01,6771.99,6781.13600035294
2018-09-22 03:00:00,6770.12,6785.92,6739.95,6739.95,6765.3525289808
2018-09-22 04:00:00,6739.9,6763.13,6715.01,6738.15,6739.30477042081
2018-09-22 05:00:00,6738.15,6769.54,6736.05,6753.86,6749.33325820617
2018-09-22 06:00:00,6753.97,6758.6,6721.0,6742.41,6742.38946999042
2018-09-22 07:00:00,6741.48,6744.84,6703.87,6728.89,6728.5485160165
2018-09-22 08:00:00,6726.76,6732.96,6714.51,6718.57,6721.65910084476
2018-09-22 09:00:00,6718.57,6720.06,6630.51,6647.56,6678.78817766034
2018-09-22 10:00:00,6647.63,6705.0,6638.01,6694.99,6678.02456620811
2018-09-22 11:00:00,6694.99,6727.79,6690.33,6698.0,6712.16754967826
2018-09-22 12:00:00,6697.03,6713.82,6660.0,6664.13,6685.51222337995
2018-09-22 13:00:00,6664.12,6714.65,6660.73,6687.91,6693.28954397309
2018-09-22 14:00:00,6685.0,6707.97,6671.0,6692.05,6688.46803962427
2018-09-22 15:00:00,6692.94,6696.99,6659.47,6671.59,6676.48254747964
2018-09-22 16:00:00,6671.6,6698.0,6650.0,6685.21,6673.85365027638
2018-09-22 17:00:00,6685.21,6696.78,6671.77,6671.82,6683.90175215757
2018-09-22 18:00:00,6674.4,6690.0,6672.0,6685.0,6682.31362690745
2018-09-22 19:00:00,6685.0,6757.96,6642.0,6741.98,6726.21090922536
2018-09-22 20:00:00,6743.09,6743.87,6714.06,6727.77,6729.73479698151
2018-09-22 21:00:00,6725.54,6742.55,6714.52,6721.9,6730.95094594977
2018-09-22 22:00:00,6721.9,6727.06,6692.01,6702.7,6711.53808021226
2018-09-22 23:00:00,6702.7,6720.0,6686.74,6710.0,6706.17272745542
2018-09-23 00:00:00,6709.17,6735.0,6695.24,6723.38,6716.02907180786
2018-09-23 01:00:00,6723.05,6740.0,6705.38,6712.74,6722.60872804095
2018-09-23 02:00:00,6712.87,6719.73,6683.0,6692.59,6700.2369930244
2018-09-23 03:00:00,6692.59,6714.51,6692.59,6701.34,6702.59712087563
2018-09-23 04:00:00,6699.01,6720.0,6699.0,6711.6,6709.52182968489
2018-09-23 05:00:00,6711.6,6740.0,6711.6,6728.5,6725.73443885425
2018-09-23 06:00:00,6727.08,6745.55,6716.54,6731.38,6731.02439204091
2018-09-23 07:00:00,6729.1,6735.53,6702.8,6707.55,6726.19574175226
2018-09-23 08:00:00,6703.43,6731.04,6703.43,6721.4,6721.83553970159
2018-09-23 09:00:00,6721.4,6747.96,6720.0,6735.06,6732.78317104416
2018-09-23 10:00:00,6733.32,6786.88,6729.6,6771.99,6763.55085442418
2018-09-23 11:00:00,6771.0,6780.0,6750.8,6767.5,6763.65477916841
2018-09-23 12:00:00,6767.5,6776.61,6746.73,6747.24,6762.71033184607
2018-09-23 13:00:00,6747.24,6754.99,6718.0,6738.8,6736.99325246997
2018-09-23 14:00:00,6738.8,6739.98,6725.0,6734.0,6730.29086808092
2018-09-23 15:00:00,6734.0,6751.0,6669.98,6696.01,6730.50044990463
2018-09-23 16:00:00,6696.01,6710.15,6662.91,6688.31,6688.96188386795
2018-09-23 17:00:00,6685.93,6707.17,6669.86,6693.28,6686.43477720673
2018-09-23 18:00:00,6693.28,6702.45,6684.89,6688.59,6695.56230196727
2018-09-23 19:00:00,6691.64,6710.0,6676.8,6707.4,6693.93321080032
2018-09-23 20:00:00,6707.4,6707.4,6682.3,6693.3,6694.86408179147
2018-09-23 21:00:00,6693.31,6698.0,6677.77,6684.78,6689.74722989578
2018-09-23 22:00:00,6684.78,6690.7,6670.0,6687.27,6682.05473154319
2018-09-23 23:00:00,6687.4,6725.0,6680.0,6720.02,6698.12004016209
2018-09-24 00:00:00,6723.5,6723.5,6702.1,6706.81,6712.49112507391
2018-09-24 01:00:00,6708.0,6709.82,6682.27,6695.6,6698.5692538323
2018-09-24 02:00:00,6695.6,6730.0,6692.01,6719.0,6712.10332878546
2018-09-24 03:00:00,6719.0,6726.97,6706.58,6706.67,6716.88154079257
2018-09-24 04:00:00,6706.67,6727.16,6705.55,6719.66,6718.1316420411
2018-09-24 05:00:00,6719.68,6721.94,6689.0,6705.45,6706.03858184389
2018-09-24 06:00:00,6705.17,6705.22,6670.8,6687.99,6690.69212915637
2018-09-24 07:00:00,6687.76,6690.0,6618.1,6644.98,6669.64400517861
2018-09-24 08:00:00,6644.98,6692.17,6640.03,6674.52,6667.96333862441
2018-09-24 09:00:00,6677.92,6677.92,6631.0,6633.27,6650.62103091269
2018-09-24 10:00:00,6633.24,6634.73,6578.0,6605.0,6609.2637323652
2018-09-24 11:00:00,6603.15,6631.0,6596.06,6617.74,6611.28867743046
2018-09-24 12:00:00,6617.74,6618.87,6571.21,6576.98,6598.99680985958
2018-09-24 13:00:00,6576.98,6642.98,6573.05,6629.96,6610.51184863227
2018-09-24 14:00:00,6630.0,6631.5,6600.97,6627.98,6617.74002884013
2018-09-24 15:00:00,6627.99,6634.51,6594.29,6615.02,6616.6486752552
2018-09-24 16:00:00,6615.02,6624.59,6594.18,6609.94,6614.33876855306
2018-09-24 17:00:00,6610.51,6625.84,6596.0,6612.96,6615.50317084087
2018-09-24 18:00:00,6612.97,6653.97,6611.0,6650.0,6636.01230984406
2018-09-24 19:00:00,6650.01,6666.0,6639.0,6645.15,6649.42291494385
2018-09-24 20:00:00,6645.15,6649.99,6619.89,6619.9,6639.73040808888
2018-09-24 21:00:00,6619.9,6645.98,6615.0,6636.01,6631.1336149867
2018-09-24 22:00:00,6636.01,6638.92,6615.42,6620.1,6626.27471760341
2018-09-24 23:00:00,6620.1,6620.99,6576.01,6593.72,6604.00318581717
2018-09-25 00:00:00,6593.72,6596.99,6559.01,6584.0,6578.0295577824
2018-09-25 01:00:00,6581.39,6584.0,6506.45,6518.16,6532.82606448575
2018-09-25 02:00:00,6518.16,6520.0,6428.09,6441.93,6459.11452221884
2018-09-25 03:00:00,6441.91,6446.29,6403.0,6434.05,6430.43187142907
2018-09-25 04:00:00,6433.8,6484.41,6431.0,6468.18,6462.05926993647
2018-09-25 05:00:00,6468.18,6482.0,6454.17,6457.0,6470.92759327368
2018-09-25 06:00:00,6455.01,6473.9,6446.44,6467.49,6464.80816310551
2018-09-25 07:00:00,6467.49,6473.9,6412.34,6423.81,6448.82271171919
2018-09-25 08:00:00,6423.82,6446.77,6367.05,6382.89,6414.21617083159
2018-09-25 09:00:00,6379.99,6427.19,6373.57,6413.98,6400.81372641243
2018-09-25 10:00:00,6411.15,6433.92,6393.3,6424.02,6415.26370945604
2018-09-25 11:00:00,6424.02,6434.01,6393.43,6410.06,6411.51962331193
2018-09-25 12:00:00,6416.42,6418.95,6371.23,6407.99,6398.49709208647
2018-09-25 13:00:00,6409.98,6456.88,6391.82,6444.98,6418.24356636913
2018-09-25 14:00:00,6443.24,6446.19,6418.02,6424.83,6432.50309453343
2018-09-25 15:00:00,6422.64,6436.0,6392.06,6424.97,6423.95067733373
2018-09-25 16:00:00,6424.97,6430.0,6361.01,6402.41,6407.23734392439
2018-09-25 17:00:00,6403.0,6429.36,6388.0,6388.0,6412.80952404282
2018-09-25 18:00:00,6389.08,6404.93,6360.8,6387.19,6393.25607197853
2018-09-25 19:00:00,6387.2,6393.43,6329.08,6347.57,6370.9593174302
2018-09-25 20:00:00,6348.0,6383.0,6345.85,6363.92,6364.98142330316
2018-09-25 21:00:00,6363.92,6430.0,6363.27,6396.03,6397.2051813943
2018-09-25 22:00:00,6393.54,6410.96,6381.0,6397.99,6394.27583607935
2018-09-25 23:00:00,6396.35,6421.0,6377.28,6397.83,6397.73639635883
2018-09-26 00:00:00,6398.49,6447.97,6387.29,6445.11,6417.05359213693
2018-09-26 01:00:00,6443.92,6447.48,6401.0,6409.99,6419.7877709525
2018-09-26 02:00:00,6409.99,6423.17,6380.88,6403.55,6401.39325148498
2018-09-26 03:00:00,6403.55,6415.0,6394.03,6400.63,6406.14420463864
2018-09-26 04:00:00,6400.59,6408.63,6380.0,6390.5,6396.98185588177
2018-09-26 05:00:00,6390.5,6409.63,6385.0,6406.67,6398.24189132495
2018-09-26 06:00:00,6409.0,6468.04,6404.33,6446.83,6438.22547746076
2018-09-26 07:00:00,6446.83,6457.09,6426.8,6444.82,6438.02322329858
2018-09-26 08:00:00,6440.63,6474.99,6440.63,6457.33,6454.0452213723
2018-09-26 09:00:00,6455.88,6465.39,6434.69,6449.23,6452.97109684761
2018-09-26 10:00:00,6449.37,6465.84,6434.17,6464.18,6447.04609856687
2018-09-26 11:00:00,6465.0,6480.0,6455.99,6471.67,6468.4069027664
2018-09-26 12:00:00,6471.67,6532.43,6460.85,6528.58,6506.10927930669
2018-09-26 13:00:00,6528.58,6535.0,6490.0,6494.26,6516.82427750696
2018-09-26 14:00:00,6494.22,6515.0,6457.92,6481.78,6491.64870541615
2018-09-26 15:00:00,6480.7,6539.98,6480.7,6522.43,6500.29869932961
2018-09-26 16:00:00,6520.21,6555.71,6502.17,6542.32,6529.01418244972
2018-09-26 17:00:00,6544.51,6555.81,6516.0,6529.37,6534.67704892943
2018-09-26 18:00:00,6529.37,6547.0,6520.75,6535.62,6533.9983813626
2018-09-26 19:00:00,6536.44,6545.32,6516.0,6520.02,6529.50723140721
2018-09-26 20:00:00,6520.01,6520.02,6488.45,6492.11,6499.09229848538
2018-09-26 21:00:00,6490.43,6515.0,6486.45,6510.0,6499.34230852419
2018-09-26 22:00:00,6510.0,6510.0,6455.23,6478.74,6491.49073813569
2018-09-26 23:00:00,6476.8,6478.81,6430.0,6469.87,6456.28551600758
2018-09-27 00:00:00,6469.87,6492.99,6457.38,6465.07,6475.83846899605
2018-09-27 01:00:00,6465.12,6512.86,6465.0,6508.01,6494.95866754921
2018-09-27 02:00:00,6508.04,6530.0,6491.23,6495.01,6512.82702200753
2018-09-27 03:00:00,6495.01,6509.75,6486.36,6509.1,6500.25177161589
2018-09-27 04:00:00,6509.1,6517.49,6489.7,6508.39,6506.04022621431
2018-09-27 05:00:00,6508.47,6518.4,6475.0,6482.5,6493.88984184584
2018-09-27 06:00:00,6482.52,6499.25,6476.0,6476.28,6487.82985627784
2018-09-27 07:00:00,6479.4,6486.69,6454.02,6482.9,6472.11997488529
2018-09-27 08:00:00,6482.9,6487.81,6451.17,6461.18,6473.35202357895
2018-09-27 09:00:00,6461.17,6466.97,6434.0,6465.0,6452.38930308109
2018-09-27 10:00:00,6465.0,6487.54,6456.51,6467.98,6472.18750326246
2018-09-27 11:00:00,6471.53,6490.0,6464.12,6474.01,6479.77238477107
2018-09-27 12:00:00,6473.71,6513.63,6463.0,6489.5,6489.19082906676
2018-09-27 13:00:00,6489.87,6538.99,6486.02,6518.27,6509.1657103471
2018-09-27 14:00:00,6520.87,6539.79,6502.06,6512.61,6519.07796006582
2018-09-27 15:00:00,6512.59,6534.23,6495.0,6516.77,6512.08010422467
2018-09-27 16:00:00,6517.52,6520.97,6485.26,6498.97,6509.60159405467
2018-09-27 17:00:00,6503.39,6522.0,6496.99,6510.03,6507.84130507172
2018-09-27 18:00:00,6510.04,6522.53,6498.04,6509.85,6507.12409486017
2018-09-27 19:00:00,6513.62,6538.0,6508.26,6525.3,6523.14644065237
2018-09-27 20:00:00,6526.98,6684.0,6510.69,6669.39,6551.75563752784
2018-09-27 21:00:00,6674.15,6740.0,6669.08,6690.69,6696.32562218162
2018-09-27 22:00:00,6690.69,6729.97,6685.01,6718.0,6703.12825666155
2018-09-27 23:00:00,6719.76,6721.21,6666.2,6674.87,6692.53381497352
2018-09-28 00:00:00,6674.87,6700.0,6672.01,6689.12,6684.3902946761
2018-09-28 01:00:00,6689.13,6719.97,6687.02,6710.0,6709.02949900707
2018-09-28 02:00:00,6710.0,6723.92,6691.01,6722.01,6710.11239205555
2018-09-28 03:00:00,6723.79,6735.0,6698.91,6698.91,6714.86536652701
2018-09-28 04:00:00,6697.0,6706.49,6681.79,6702.25,6694.86055605404
2018-09-28 05:00:00,6702.26,6724.0,6687.05,6715.67,6703.64890155771
2018-09-28 06:00:00,6716.75,6722.03,6703.19,6720.4,6714.01880958502
2018-09-28 07:00:00,6720.5,6776.0,6708.44,6734.14,6736.4074788502
2018-09-28 08:00:00,6735.02,6807.87,6735.02,6788.99,6778.85242283092
2018-09-28 09:00:00,6788.99,6788.99,6720.0,6731.65,6747.09470940594
2018-09-28 10:00:00,6731.76,6736.99,6590.08,6657.56,6661.85280842145
2018-09-28 11:00:00,6657.56,6672.0,6627.74,6649.49,6650.76610267826
2018-09-28 12:00:00,6654.84,6675.0,6635.75,6655.5,6661.42774227247
2018-09-28 13:00:00,6655.51,6664.7,6587.0,6608.9,6629.68801250479
2018-09-28 14:00:00,6608.86,6665.96,6582.0,6652.7,6638.00798133221
2018-09-28 15:00:00,6652.7,6695.86,6632.96,6664.38,6663.76503373678
2018-09-28 16:00:00,6664.38,6686.23,6639.35,6672.99,6666.58339610071
2018-09-28 17:00:00,6674.0,6675.46,6636.0,6657.97,6655.73999569003
2018-09-28 18:00:00,6655.19,6675.79,6652.59,6656.27,6660.46030031606
2018-09-28 19:00:00,6656.27,6660.09,6642.0,6650.21,6651.82982147829
2018-09-28 20:00:00,6650.26,6700.0,6545.56,6684.0,6626.42816737399
2018-09-28 21:00:00,6686.51,6686.51,6628.13,6659.01,6661.79255096197
2018-09-28 22:00:00,6658.98,6667.32,6620.14,6652.74,6643.47934937544
2018-09-28 23:00:00,6652.35,6662.99,6621.33,6633.81,6647.00123592793
2018-09-29 00:00:00,6630.93,6654.48,6625.8,6634.6,6640.6570891909
2018-09-29 01:00:00,6634.58,6634.58,6590.0,6624.48,6610.33696354312
2018-09-29 02:00:00,6624.48,6626.0,6490.0,6490.0,6557.00545546788
2018-09-29 03:00:00,6490.03,6535.54,6490.0,6514.02,6515.0542275407
2018-09-29 04:00:00,6514.99,6528.24,6490.75,6500.89,6507.2473652931
2018-09-29 05:00:00,6500.89,6517.0,6479.2,6509.04,6506.40726661682
2018-09-29 06:00:00,6509.0,6518.35,6500.0,6505.54,6506.98040509662
2018-09-29 07:00:00,6505.54,6518.36,6464.65,6513.01,6498.14745495633
2018-09-29 08:00:00,6513.01,6549.09,6500.59,6545.81,6521.82964445952
2018-09-29 09:00:00,6545.76,6569.99,6531.0,6541.1,6544.95452867266
2018-09-29 10:00:00,6541.1,6596.99,6535.48,6554.99,6561.07658516147
2018-09-29 11:00:00,6554.87,6582.23,6543.86,6563.85,6562.23611944386
2018-09-29 12:00:00,6563.91,6619.95,6555.25,6585.03,6587.42475678477
2018-09-29 13:00:00,6584.96,6604.99,6565.97,6582.99,6580.78342524403
2018-09-29 14:00:00,6583.0,6597.39,6556.0,6569.0,6579.4144855684
2018-09-29 15:00:00,6569.87,6577.77,6541.14,6560.02,6559.81652607362
2018-09-29 16:00:00,6561.48,6609.91,6561.48,6594.15,6589.03455589528
2018-09-29 17:00:00,6589.01,6596.3,6552.09,6560.0,6580.43286132812
2018-09-29 18:00:00,6559.95,6597.99,6558.86,6593.0,6578.69363345483
2018-09-29 19:00:00,6593.0,6607.0,6580.0,6592.02,6592.29463505055
2018-09-29 20:00:00,6592.01,6600.0,6580.35,6588.59,6589.40827218037
2018-09-29 21:00:00,6588.64,6615.0,6582.81,6598.18,6599.82683741648
2018-09-29 22:00:00,6595.05,6600.0,6577.71,6598.93,6589.22491584361
2018-09-29 23:00:00,6599.01,6617.99,6590.0,6606.54,6603.32001789911
2018-09-30 00:00:00,6609.4,6636.0,6580.03,6597.03,6607.7801635674
2018-09-30 01:00:00,6596.38,6596.39,6557.7,6577.3,6575.94736213939
2018-09-30 02:00:00,6577.3,6607.43,6570.2,6595.47,6590.01455474616
2018-09-30 03:00:00,6595.48,6601.79,6570.0,6576.4,6587.68182104723
2018-09-30 04:00:00,6575.16,6584.24,6570.0,6580.0,6578.76850055493
2018-09-30 05:00:00,6580.0,6580.07,6552.49,6553.03,6567.3667471482
2018-09-30 06:00:00,6552.49,6575.88,6548.0,6564.03,6560.86582004048
2018-09-30 07:00:00,6565.0,6592.0,6564.02,6583.68,6574.50293783911
2018-09-30 08:00:00,6583.68,6599.8,6571.0,6577.72,6581.5180343611
2018-09-30 09:00:00,6577.75,6592.51,6575.32,6588.03,6585.47541709513
2018-09-30 10:00:00,6589.93,6605.98,6575.53,6587.74,6587.67861637886
2018-09-30 11:00:00,6586.07,6653.0,6582.2,6637.98,6616.46261001298
2018-09-30 12:00:00,6637.98,6662.0,6621.23,6634.46,6639.0862535907
2018-09-30 13:00:00,6627.93,6645.05,6619.25,6632.39,6633.1432969533
2018-09-30 14:00:00,6632.59,6647.0,6627.83,6642.01,6637.27874303621
2018-09-30 15:00:00,6642.03,6660.54,6635.0,6653.3,6643.39819281563
2018-09-30 16:00:00,6653.3,6653.3,6586.33,6607.69,6628.84819534293
2018-09-30 17:00:00,6605.16,6629.95,6592.0,6624.91,6619.87712729767
2018-09-30 18:00:00,6624.91,6629.95,6609.7,6619.7,6621.14591888224
2018-09-30 19:00:00,6621.21,6639.52,6619.7,6627.95,6627.72705513119
2018-09-30 20:00:00,6624.03,6635.18,6600.66,6609.84,6620.30297457568
2018-09-30 21:00:00,6604.01,6609.73,6533.01,6580.86,6573.56059232816
2018-09-30 22:00:00,6580.85,6593.71,6567.83,6590.01,6581.35638223831
2018-09-30 23:00:00,6590.01,6644.0,6580.0,6635.94,6605.27029796588
2018-10-01 00:00:00,6634.98,6650.0,6610.31,6624.42,6626.69136435846
2018-10-01 01:00:00,6626.57,6655.0,6622.13,6649.97,6644.23767830281
2018-10-01 02:00:00,6647.88,6666.95,6629.51,6637.85,6646.54699666296
2018-10-01 03:00:00,6637.89,6650.97,6636.02,6644.72,6644.44421549842
2018-10-01 04:00:00,6644.72,6663.1,6641.12,6644.61,6651.74057358766
2018-10-01 05:00:00,6644.61,6661.58,6626.54,6641.94,6649.93358586133
2018-10-01 06:00:00,6641.94,6641.94,6613.6,6629.11,6627.4900559541
2018-10-01 07:00:00,6629.12,6644.88,6604.82,6635.01,6625.35726591895
2018-10-01 08:00:00,6635.0,6638.18,6604.81,6604.81,6624.29223904684
2018-10-01 09:00:00,6604.81,6635.6,6600.0,6631.93,6617.25506822888
2018-10-01 10:00:00,6631.93,6635.85,6614.99,6614.99,6624.0947822102
2018-10-01 11:00:00,6614.91,6629.27,6582.05,6586.72,6616.87457687744
2018-10-01 12:00:00,6584.97,6609.0,6558.95,6593.19,6593.37743595668
2018-10-01 13:00:00,6595.0,6614.48,6574.2,6604.0,6600.66654414324
2018-10-01 14:00:00,6604.0,6616.03,6560.0,6565.0,6597.27307842126
2018-10-01 15:00:00,6565.0,6581.98,6510.0,6567.97,6554.03996678492
2018-10-01 16:00:00,6567.97,6575.0,6551.17,6569.92,6565.39436903393
2018-10-01 17:00:00,6569.92,6603.21,6541.77,6592.0,6571.15041945685
2018-10-01 18:00:00,6592.03,6606.68,6580.74,6591.99,6590.10149891747
2018-10-01 19:00:00,6588.03,6610.0,6577.12,6592.81,6592.22191036299
2018-10-01 20:00:00,6592.82,6596.37,6563.45,6584.78,6582.87442938752
2018-10-01 21:00:00,6587.91,6595.33,6579.3,6581.13,6585.30753046049
2018-10-01 22:00:00,6581.13,6626.0,6575.03,6600.01,6596.3058901136
2018-10-01 23:00:00,6600.05,6612.09,6584.55,6594.38,6598.77431754811
2018-10-02 00:00:00,6594.4,6618.61,6578.23,6611.61,6595.91251727513
2018-10-02 01:00:00,6608.19,6618.68,6588.35,6589.96,6598.85919203047
2018-10-02 02:00:00,6589.95,6639.84,6584.17,6616.9,6602.03715420884
2018-10-02 03:00:00,6617.0,6625.23,6605.0,6618.11,6614.56167912138
2018-10-02 04:00:00,6620.05,6623.0,6602.87,6606.02,6613.73958360505
2018-10-02 05:00:00,6606.02,6619.99,6602.87,6617.96,6612.39511620713
2018-10-02 06:00:00,6617.96,6622.0,6613.1,6616.37,6617.51641859297
2018-10-02 07:00:00,6616.37,6623.05,6591.27,6606.0,6608.10235891199
2018-10-02 08:00:00,6606.27,6608.01,6592.0,6604.07,6599.3876808792
2018-10-02 09:00:00,6606.86,6616.5,6594.01,6602.25,6605.07262829372
2018-10-02 10:00:00,6602.06,6606.98,6578.0,6581.98,6595.31677021675
2018-10-02 11:00:00,6580.11,6599.0,6561.46,6590.99,6586.56310680934
2018-10-02 12:00:00,6590.99,6594.32,6570.0,6572.01,6579.37680930497
2018-10-02 13:00:00,6572.01,6600.0,6553.05,6577.68,6582.65236035265
2018-10-02 14:00:00,6577.38,6585.0,6556.0,6574.01,6573.93011243519
2018-10-02 15:00:00,6576.37,6583.17,6532.0,6551.3,6560.13823615275
2018-10-02 16:00:00,6548.73,6567.17,6535.07,6560.86,6553.16919366948
2018-10-02 17:00:00,6555.8,6566.99,6522.01,6541.07,6546.62823924965
2018-10-02 18:00:00,6543.54,6560.0,6494.0,6543.65,6534.783869383
2018-10-02 19:00:00,6543.63,6572.82,6534.0,6572.01,6553.4080798299
2018-10-02 20:00:00,6572.01,6585.36,6556.18,6564.1,6565.68380895242
2018-10-02 21:00:00,6564.11,6576.77,6553.42,6562.28,6567.42493233739
2018-10-02 22:00:00,6562.28,6571.42,6551.0,6570.22,6561.72511641538
2018-10-02 23:00:00,6570.22,6585.39,6566.15,6577.3,6576.71626749538
2018-10-03 00:00:00,6577.28,6581.34,6511.62,6525.79,6558.88360483619
2018-10-03 01:00:00,6525.79,6549.0,6508.0,6544.35,6534.0307032989
2018-10-03 02:00:00,6544.31,6544.31,6513.6,6528.01,6526.91684537688
2018-10-03 03:00:00,6528.0,6535.7,6479.85,6500.1,6503.51990921284
2018-10-03 04:00:00,6500.1,6503.09,6431.68,6462.79,6468.57607149852
2018-10-03 05:00:00,6464.0,6482.6,6441.96,6462.34,6465.36921068983
2018-10-03 06:00:00,6468.38,6486.42,6462.34,6470.03,6477.2114867144
2018-10-03 07:00:00,6470.01,6480.73,6448.02,6474.33,6465.9076740403
2018-10-03 08:00:00,6474.33,6480.0,6458.0,6466.51,6470.13543517454
2018-10-03 09:00:00,6460.28,6473.49,6451.81,6458.95,6462.49712849301
2018-10-03 10:00:00,6458.95,6473.48,6456.37,6470.01,6465.09866679644
2018-10-03 11:00:00,6470.0,6510.0,6464.82,6484.04,6486.59228896882
2018-10-03 12:00:00,6485.37,6502.94,6473.58,6496.13,6490.06476360228
2018-10-03 13:00:00,6496.12,6497.0,6470.0,6474.26,6488.15373491657
2018-10-03 14:00:00,6474.27,6495.64,6463.49,6485.73,6481.5774041391
2018-10-03 15:00:00,6485.73,6544.5,6475.74,6531.05,6511.27993068854
2018-10-03 16:00:00,6532.0,6545.0,6503.92,6512.47,6518.11564186542
2018-10-03 17:00:00,6512.52,6523.14,6495.12,6513.81,6510.2652231909
2018-10-03 18:00:00,6513.81,6528.76,6506.44,6511.0,6515.66085274483
2018-10-03 19:00:00,6511.0,6514.35,6475.21,6497.43,6491.69095115555
2018-10-03 20:00:00,6494.0,6499.67,6455.99,6478.89,6475.89350308937
2018-10-03 21:00:00,6475.2,6493.87,6462.4,6484.91,6479.1543436369
2018-10-03 22:00:00,6482.68,6499.85,6452.8,6452.8,6489.55373407234
2018-10-03 23:00:00,6454.81,6488.34,6451.2,6482.58,6471.39869577794
2018-10-04 00:00:00,6482.58,6538.62,6478.84,6510.0,6507.23044345186
2018-10-04 01:00:00,6510.0,6535.0,6505.09,6530.17,6515.61796842303
2018-10-04 02:00:00,6530.53,6643.01,6528.01,6598.69,6607.27050753956
2018-10-04 03:00:00,6593.09,6611.51,6585.13,6605.13,6599.8246502101
2018-10-04 04:00:00,6605.13,6614.46,6593.0,6598.51,6601.90014539568
2018-10-04 05:00:00,6598.5,6618.24,6598.0,6604.61,6605.72509683973
2018-10-04 06:00:00,6604.61,6614.18,6580.1,6588.0,6598.27973782425
2018-10-04 07:00:00,6588.0,6598.99,6572.25,6580.8,6586.56785940978
2018-10-04 08:00:00,6580.8,6596.75,6568.02,6574.45,6584.09984997736
2018-10-04 09:00:00,6574.45,6622.67,6572.01,6600.95,6599.34525290576
2018-10-04 10:00:00,6600.95,6606.39,6591.22,6591.23,6599.43578012864
2018-10-04 11:00:00,6591.23,6612.84,6569.74,6576.85,6592.93994820304
2018-10-04 12:00:00,6576.85,6591.0,6570.0,6570.81,6579.82641954996
2018-10-04 13:00:00,6570.0,6582.95,6569.17,6578.1,6575.88501507007
2018-10-04 14:00:00,6578.1,6593.1,6569.0,6583.8,6582.1019681783
2018-10-04 15:00:00,6585.37,6593.6,6571.23,6576.0,6585.71341669639
2018-10-04 16:00:00,6576.0,6600.0,6572.0,6597.77,6591.65488221438
2018-10-04 17:00:00,6597.77,6610.0,6586.0,6589.97,6600.19674881313
2018-10-04 18:00:00,6586.52,6598.0,6584.0,6596.04,6591.84115335511
2018-10-04 19:00:00,6596.04,6618.0,6595.36,6608.16,6609.49718986379
2018-10-04 20:00:00,6612.87,6621.49,6607.37,6611.1,6613.77833796449
2018-10-04 21:00:00,6611.09,6616.97,6582.18,6590.36,6596.91235609697
2018-10-04 22:00:00,6593.7,6598.82,6557.0,6592.57,6580.70322657775
2018-10-04 23:00:00,6588.98,6613.0,6588.0,6591.59,6597.43568809093
2018-10-05 00:00:00,6591.59,6600.01,6580.0,6591.09,6590.60847728024
2018-10-05 01:00:00,6593.79,6631.9,6591.53,6621.77,6611.74756838658
2018-10-05 02:00:00,6621.77,6626.66,6604.98,6613.41,6614.57813043138
2018-10-05 03:00:00,6613.4,6616.57,6545.0,6572.93,6573.55918045087
2018-10-05 04:00:00,6572.93,6585.12,6569.67,6579.0,6578.43880852839
2018-10-05 05:00:00,6579.0,6588.63,6571.04,6581.8,6580.35438811865
2018-10-05 06:00:00,6581.8,6584.08,6570.01,6583.76,6575.68780031337
2018-10-05 07:00:00,6583.54,6609.47,6577.4,6600.0,6595.35676321244
2018-10-05 08:00:00,6600.0,6601.74,6573.27,6578.01,6586.66704142366
2018-10-05 09:00:00,6578.76,6592.54,6569.98,6570.0,6582.51778264213
2018-10-05 10:00:00,6570.0,6584.99,6567.21,6584.98,6575.11014944943
2018-10-05 11:00:00,6584.0,6590.19,6571.73,6579.0,6580.31855033513
2018-10-05 12:00:00,6579.0,6599.96,6576.38,6590.0,6590.81535787343
2018-10-05 13:00:00,6590.0,6599.97,6581.33,6589.0,6590.2635057615
2018-10-05 14:00:00,6589.0,6607.51,6586.66,6593.03,6597.36002558855
2018-10-05 15:00:00,6593.03,6607.0,6587.46,6601.13,6596.81195816006
2018-10-05 16:00:00,6601.13,6606.57,6593.25,6598.51,6600.03240708519
2018-10-05 17:00:00,6598.51,6614.98,6580.36,6587.65,6591.2648525238
2018-10-05 18:00:00,6588.14,6593.0,6577.75,6584.06,6584.8048290308
2018-10-05 19:00:00,6584.06,6592.98,6575.09,6591.02,6586.03995673127
2018-10-05 20:00:00,6591.02,6601.5,6588.1,6595.42,6596.00328012989
2018-10-05 21:00:00,6595.5,6604.23,6588.08,6596.5,6596.24896274256
2018-10-05 22:00:00,6596.35,6605.0,6590.58,6604.93,6597.68799426242
2018-10-05 23:00:00,6604.93,6697.0,6604.92,6633.36,6639.51573108896
2018-10-06 00:00:00,6631.01,6648.95,6621.01,6635.65,6632.42914514642
2018-10-06 01:00:00,6635.65,6650.0,6620.0,6624.47,6635.5673452524
2018-10-06 02:00:00,6624.47,6636.03,6617.06,6626.01,6626.29650634222
2018-10-06 03:00:00,6627.0,6627.62,6584.22,6604.01,6604.86556361763
2018-10-06 04:00:00,6604.5,6614.4,6601.99,6608.91,6607.23986830015
2018-10-06 05:00:00,6608.91,6618.78,6607.23,6612.0,6612.23160480682
2018-10-06 06:00:00,6612.0,6624.12,6608.43,6615.64,6617.34330633052
2018-10-06 07:00:00,6615.67,6622.78,6610.0,6614.9,6615.14733478912
2018-10-06 08:00:00,6614.9,6627.0,6613.34,6620.35,6621.83733216182
2018-10-06 09:00:00,6620.35,6620.35,6610.0,6615.19,6614.76744300485
2018-10-06 10:00:00,6615.19,6625.17,6609.0,6620.0,6617.15907148264
2018-10-06 11:00:00,6620.33,6634.15,6617.24,6617.58,6624.47884649264
2018-10-06 12:00:00,6617.58,6625.97,6571.01,6587.16,6599.7268901946
2018-10-06 13:00:00,6587.16,6600.0,6580.0,6587.81,6592.16173527979
2018-10-06 14:00:00,6587.81,6592.73,6567.14,6577.01,6579.29677892236
2018-10-06 15:00:00,6579.37,6589.0,6567.0,6588.92,6578.77764494301
2018-10-06 16:00:00,6588.92,6598.89,6577.55,6596.08,6590.85939103149
2018-10-06 17:00:00,6597.5,6600.0,6588.39,6595.97,6596.36496917606
2018-10-06 18:00:00,6595.97,6607.0,6588.17,6599.95,6598.29625872534
2018-10-06 19:00:00,6599.95,6601.38,6590.39,6592.92,6596.94465720375
2018-10-06 20:00:00,6591.0,6601.32,6585.0,6593.34,6592.54866019327
2018-10-06 21:00:00,6593.34,6604.28,6582.63,6600.0,6595.71377002116
2018-10-06 22:00:00,6600.01,6604.2,6590.0,6600.28,6598.23453812291
2018-10-06 23:00:00,6602.99,6606.0,6583.27,6591.96,6592.72637731804
2018-10-07 00:00:00,6591.96,6598.21,6585.03,6594.28,6592.43043106861
2018-10-07 01:00:00,6594.27,6605.0,6590.0,6600.02,6598.38777252401
2018-10-07 02:00:00,6600.02,6605.0,6589.14,6603.07,6598.17240270262
2018-10-07 03:00:00,6604.0,6604.5,6599.09,6603.5,6602.09966241948
2018-10-07 04:00:00,6603.5,6605.0,6598.0,6604.06,6601.88700310363
2018-10-07 05:00:00,6605.0,6609.83,6588.53,6588.54,6599.32497272172
2018-10-07 06:00:00,6588.53,6600.0,6586.52,6596.69,6595.78308703586
2018-10-07 07:00:00,6596.69,6599.94,6585.0,6589.0,6591.27605752584
2018-10-07 08:00:00,6589.0,6590.79,6566.01,6569.46,6580.37793186247
2018-10-07 09:00:00,6570.93,6571.99,6527.68,6550.5,6550.16563001081
2018-10-07 10:00:00,6550.01,6558.62,6545.52,6555.06,6551.23418866426
2018-10-07 11:00:00,6555.4,6568.76,6550.54,6555.0,6559.6653929644
2018-10-07 12:00:00,6555.0,6562.38,6538.46,6556.0,6557.81591715314
2018-10-07 13:00:00,6556.0,6567.33,6545.75,6561.85,6552.70509877574
2018-10-07 14:00:00,6560.11,6578.99,6558.81,6574.39,6571.82143802505
2018-10-07 15:00:00,6574.41,6580.12,6556.34,6566.42,6569.55300818266
2018-10-07 16:00:00,6566.42,6586.89,6566.42,6582.17,6579.50733590923
2018-10-07 17:00:00,6582.07,6585.58,6572.74,6581.38,6579.54808986114
2018-10-07 18:00:00,6581.38,6597.7,6581.38,6589.18,6590.83426813912
2018-10-07 19:00:00,6589.18,6598.0,6589.18,6594.27,6594.58081326559
2018-10-07 20:00:00,6594.27,6599.0,6579.01,6584.0,6591.49527750243
2018-10-07 21:00:00,6584.0,6587.9,6579.01,6587.2,6583.48965115773
2018-10-07 22:00:00,6587.2,6593.29,6582.0,6585.93,6586.84661610497
2018-10-07 23:00:00,6588.54,6592.0,6582.06,6592.0,6588.00451483243
2018-10-08 00:00:00,6590.02,6639.72,6581.79,6615.26,6602.31625165482
2018-10-08 01:00:00,6615.09,6623.66,6605.53,6613.9,6614.07532764025
2018-10-08 02:00:00,6615.67,6627.62,6601.5,6605.02,6613.65562111991
2018-10-08 03:00:00,6605.02,6616.83,6600.71,6605.01,6606.42572639304
2018-10-08 04:00:00,6605.06,6613.27,6604.07,6605.26,6607.00626736474
2018-10-08 05:00:00,6605.26,6610.99,6604.5,6607.02,6607.11011491085
2018-10-08 06:00:00,6607.02,6609.12,6590.0,6590.08,6600.30367373253
2018-10-08 07:00:00,6593.36,6603.51,6587.0,6602.0,6594.57994797101
2018-10-08 08:00:00,6602.0,6613.0,6590.53,6596.03,6600.76926647012
2018-10-08 09:00:00,6596.03,6602.36,6592.41,6597.59,6597.16062225019
2018-10-08 10:00:00,6599.99,6606.6,6593.65,6604.87,6599.27930855897
2018-10-08 11:00:00,6604.9,6627.14,6597.1,6627.14,6606.89366268062
2018-10-08 12:00:00,6627.15,6664.4,6626.01,6647.8,6642.74855119667
2018-10-08 13:00:00,6647.78,6710.0,6645.05,6667.33,6680.52458325005
2018-10-08 14:00:00,6666.0,6679.99,6645.01,6662.97,6660.28581951908
2018-10-08 15:00:00,6660.65,6667.19,6653.0,6660.0,6660.32554792986
2018-10-08 16:00:00,6659.03,6695.0,6659.03,6674.56,6675.61670275505
2018-10-08 17:00:00,6674.56,6680.8,6662.01,6667.27,6671.35054372691
2018-10-08 18:00:00,6667.26,6680.05,6662.01,6671.01,6669.93084465595
2018-10-08 19:00:00,6671.01,6680.0,6658.0,6664.45,6668.08712530667
2018-10-08 20:00:00,6665.0,6704.95,6664.07,6695.33,6687.21201918049
2018-10-08 21:00:00,6696.6,6700.04,6685.01,6690.0,6692.46365990599
2018-10-08 22:00:00,6690.0,6700.0,6685.35,6690.99,6691.98516903767
2018-10-08 23:00:00,6691.0,6692.0,6664.22,6666.66,6678.04930008487
2018-10-09 00:00:00,6666.8,6683.5,6666.66,6673.0,6672.90609693633
2018-10-09 01:00:00,6673.01,6684.0,6670.45,6672.67,6677.17296411731
2018-10-09 02:00:00,6673.5,6675.65,6654.48,6663.45,6665.23922495264
2018-10-09 03:00:00,6666.62,6671.77,6651.47,6666.03,6662.8114079564
2018-10-09 04:00:00,6666.03,6670.85,6652.85,6661.17,6662.74554351654
2018-10-09 05:00:00,6661.17,6679.33,6660.0,6673.77,6668.58491963603
2018-10-09 06:00:00,6673.77,6683.0,6664.06,6668.68,6671.810866502
2018-10-09 07:00:00,6668.68,6672.47,6659.29,6659.3,6665.91426787735
2018-10-09 08:00:00,6659.3,6677.95,6656.85,6669.36,6663.01756615599
2018-10-09 09:00:00,6669.42,6675.0,6635.02,6654.0,6651.26030577595
2018-10-09 10:00:00,6654.99,6660.09,6647.05,6657.0,6651.73739761582
2018-10-09 11:00:00,6657.0,6660.87,6645.72,6656.4,6654.10895461103
2018-10-09 12:00:00,6656.4,6656.44,6630.89,6642.02,6645.32038563344
2018-10-09 13:00:00,6642.02,6645.0,6616.1,6631.82,6634.45129204221
2018-10-09 14:00:00,6634.1,6635.92,6607.0,6615.0,6625.7475828038
2018-10-09 15:00:00,6613.82,6635.05,6611.18,6629.07,6623.62804659225
2018-10-09 16:00:00,6630.14,6644.54,6627.52,6641.56,6638.53785714129
2018-10-09 17:00:00,6641.56,6644.98,6626.1,6637.58,6636.32807769436
2018-10-09 18:00:00,6637.58,6650.01,6634.78,6650.01,6642.68946182005
2018-10-09 19:00:00,6650.01,6664.95,6647.07,6661.0,6654.97525806045
2018-10-09 20:00:00,6661.0,6674.93,6651.25,6656.49,6662.91173026453
2018-10-09 21:00:00,6656.49,6660.0,6643.86,6654.99,6650.3808523024
2018-10-09 22:00:00,6652.22,6660.83,6645.5,6659.05,6651.83959009387
2018-10-09 23:00:00,6658.98,6670.5,6652.35,6666.34,6660.92745516295
2018-10-10 00:00:00,6668.88,6670.0,6655.4,6656.61,6661.41353456966
2018-10-10 01:00:00,6655.4,6659.95,6630.84,6644.31,6647.54633050395
2018-10-10 02:00:00,6644.38,6652.35,6633.55,6640.71,6642.11344971654
2018-10-10 03:00:00,6640.72,6645.62,6633.65,6634.47,6639.90275866679
2018-10-10 04:00:00,6634.47,6636.1,6596.02,6616.06,6617.81869476284
2018-10-10 05:00:00,6616.06,6625.98,6592.59,6594.6,6612.2798207516
2018-10-10 06:00:00,6594.4,6601.62,6542.11,6555.0,6566.32011316828
2018-10-10 07:00:00,6555.0,6579.11,6530.0,6576.28,6565.05096157189
2018-10-10 08:00:00,6575.4,6578.91,6560.91,6576.98,6572.16449181796
2018-10-10 09:00:00,6577.0,6594.12,6565.68,6588.1,6572.52460589698
2018-10-10 10:00:00,6589.0,6605.0,6580.0,6588.01,6592.96637784387
2018-10-10 11:00:00,6588.01,6594.85,6570.0,6580.0,6583.28084889243
2018-10-10 12:00:00,6580.0,6595.0,6569.4,6592.0,6582.47721897607
2018-10-10 13:00:00,6592.0,6607.44,6588.62,6595.05,6595.94252239902
2018-10-10 14:00:00,6595.06,6612.96,6593.81,6602.61,6603.28443251834
2018-10-10 15:00:00,6601.0,6610.0,6590.5,6602.29,6600.72967875548
2018-10-10 16:00:00,6602.0,6603.65,6588.99,6588.99,6596.11893004182
2018-10-10 17:00:00,6588.99,6608.79,6582.05,6601.59,6598.47993022847
2018-10-10 18:00:00,6603.03,6619.0,6597.6,6608.5,6608.04656378181
2018-10-10 19:00:00,6608.5,6645.0,6604.6,6637.34,6621.10029264287
2018-10-10 20:00:00,6637.2,6646.2,6627.15,6635.96,6638.25739401201
2018-10-10 21:00:00,6635.96,6644.98,6628.92,6634.96,6636.48864698543
2018-10-10 22:00:00,6634.96,6635.0,6610.0,6612.0,6621.89962425699
2018-10-10 23:00:00,6612.0,6625.91,6610.5,6618.51,6617.32249917443
2018-10-11 00:00:00,6619.99,6637.28,6618.51,6631.0,6631.15536006804
2018-10-11 01:00:00,6631.0,6632.57,6560.0,6563.27,6593.05945292936
2018-10-11 02:00:00,6561.53,6565.24,6285.9,6369.99,6388.36704655564
2018-10-11 03:00:00,6367.79,6367.79,6263.0,6311.99,6317.85861053297
2018-10-11 04:00:00,6311.99,6363.92,6310.0,6337.06,6342.00534013487
2018-10-11 05:00:00,6340.52,6370.52,6332.04,6342.94,6347.19906876043
2018-10-11 06:00:00,6341.0,6354.76,6311.53,6323.06,6331.19091225627
2018-10-11 07:00:00,6323.0,6325.71,6260.0,6294.03,6301.061076186
2018-10-11 08:00:00,6294.01,6312.92,6259.01,6298.76,6290.97390030807
2018-10-11 09:00:00,6298.77,6325.99,6298.77,6303.87,6308.93705415433
2018-10-11 10:00:00,6303.87,6309.33,6282.44,6309.0,6299.28429863477
2018-10-11 11:00:00,6310.0,6310.08,6285.63,6306.88,6300.40227822896
2018-10-11 12:00:00,6305.15,6306.87,6271.84,6278.7,6290.88211814014
2018-10-11 13:00:00,6278.66,6305.17,6278.66,6288.21,6294.11890844672
2018-10-11 14:00:00,6288.39,6320.0,6220.0,6309.0,6290.0965802379
2018-10-11 15:00:00,6309.0,6335.0,6307.78,6311.0,6318.00558967845
2018-10-11 16:00:00,6313.7,6324.97,6283.47,6294.09,6296.67826262136
2018-10-11 17:00:00,6294.09,6316.96,6289.85,6313.34,6306.24085002216
2018-10-11 18:00:00,6309.97,6335.33,6303.0,6316.99,6321.85126648968
2018-10-11 19:00:00,6317.0,6320.53,6293.06,6296.51,6314.58177597504
2018-10-11 20:00:00,6296.51,6309.06,6296.47,6298.12,6302.03214672118
2018-10-11 21:00:00,6298.12,6312.11,6235.0,6302.0,6288.25031882213
2018-10-11 22:00:00,6300.89,6310.0,6286.23,6301.26,6298.91139176188
2018-10-11 23:00:00,6301.26,6303.55,6268.91,6291.45,6288.44436363755
2018-10-12 00:00:00,6291.5,6300.52,6210.52,6252.61,6266.21553017437
2018-10-12 01:00:00,6252.71,6275.0,6210.0,6251.83,6247.97401844063
2018-10-12 02:00:00,6252.01,6294.96,6252.01,6282.43,6275.06227909145
2018-10-12 03:00:00,6282.43,6297.42,6275.82,6291.62,6288.49208701943
2018-10-12 04:00:00,6293.79,6313.78,6275.01,6310.65,6289.89304603857
2018-10-12 05:00:00,6308.11,6326.21,6300.3,6315.99,6313.27951168616
2018-10-12 06:00:00,6316.0,6326.57,6300.02,6318.6,6311.49964975263
2018-10-12 07:00:00,6319.0,6347.6,6317.21,6328.69,6326.51855142686
2018-10-12 08:00:00,6327.75,6360.0,6325.0,6335.26,6337.60033527922
2018-10-12 09:00:00,6330.07,6340.99,6320.66,6328.64,6328.88286989685
2018-10-12 10:00:00,6328.64,6331.05,6303.5,6305.99,6316.30691397555
2018-10-12 11:00:00,6305.99,6320.0,6303.46,6313.36,6312.88585814751
2018-10-12 12:00:00,6313.36,6319.86,6295.4,6309.49,6308.60073484019
2018-10-12 13:00:00,6309.49,6327.58,6305.61,6323.01,6317.87454543082
2018-10-12 14:00:00,6323.0,6332.07,6310.48,6311.88,6318.54176216847
2018-10-12 15:00:00,6313.24,6327.0,6310.0,6319.96,6317.73753362025
2018-10-12 16:00:00,6319.07,6355.0,6319.07,6341.69,6334.63167571596
2018-10-12 17:00:00,6341.69,6344.51,6320.0,6325.0,6330.67099250505
2018-10-12 18:00:00,6325.01,6333.97,6300.0,6306.37,6322.60369360175
2018-10-12 19:00:00,6306.37,6322.93,6300.61,6311.44,6311.17462317839
2018-10-12 20:00:00,6314.5,6325.2,6309.0,6321.0,6315.65846508313
2018-10-12 21:00:00,6320.04,6325.56,6312.05,6318.47,6317.56692306187
2018-10-12 22:00:00,6322.22,6328.7,6315.22,6315.23,6324.15278124783
2018-10-12 23:00:00,6315.23,6317.67,6279.44,6309.02,6305.07083934406
2018-10-13 00:00:00,6309.01,6319.01,6296.47,6298.01,6307.23332321286
2018-10-13 01:00:00,6298.0,6329.99,6285.11,6317.3,6314.0726886934
2018-10-13 02:00:00,6317.31,6326.47,6311.0,6318.3,6316.1188129304
2018-10-13 03:00:00,6318.3,6328.32,6308.56,6310.25,6315.20092067358
2018-10-13 04:00:00,6309.07,6315.47,6290.01,6296.01,6305.14425533579
2018-10-13 05:00:00,6297.69,6318.88,6294.51,6315.1,6309.501396604
2018-10-13 06:00:00,6316.83,6330.54,6309.31,6314.1,6319.10262243421
2018-10-13 07:00:00,6311.2,6328.52,6311.2,6321.04,6321.44399185944
2018-10-13 08:00:00,6321.04,6326.52,6311.87,6318.47,6319.0412721289
2018-10-13 09:00:00,6318.47,6320.0,6308.73,6313.55,6314.86221778539
2018-10-13 10:00:00,6313.55,6337.22,6309.36,6323.53,6323.36361211764
2018-10-13 11:00:00,6322.0,6337.96,6322.0,6326.08,6329.38546313083
2018-10-13 12:00:00,6326.08,6338.99,6323.55,6327.25,6330.17630890877
2018-10-13 13:00:00,6327.25,6328.45,6304.0,6325.27,6316.93900750383
2018-10-13 14:00:00,6325.27,6329.0,6311.52,6316.99,6320.49294952291
2018-10-13 15:00:00,6315.35,6337.97,6311.18,6335.37,6326.81652689378
2018-10-13 16:00:00,6335.01,6339.89,6327.0,6329.26,6333.5332805222
2018-10-13 17:00:00,6329.26,6342.42,6323.67,6327.1,6330.12931333209
2018-10-13 18:00:00,6327.11,6335.33,6322.4,6325.62,6327.15708946595
2018-10-13 19:00:00,6325.62,6339.36,6306.5,6306.93,6326.53687609714
2018-10-13 20:00:00,6306.93,6330.88,6301.16,6326.01,6321.84608842428
2018-10-13 21:00:00,6326.01,6332.87,6314.23,6316.49,6320.3836000504
2018-10-13 22:00:00,6316.49,6329.0,6316.49,6323.15,6323.21595799804
2018-10-13 23:00:00,6323.09,6338.07,6321.38,6330.77,6328.85484794303
2018-10-14 00:00:00,6333.3,6336.63,6324.01,6332.93,6331.84759538467
2018-10-14 01:00:00,6332.92,6336.0,6320.0,6326.35,6326.44487201491
2018-10-14 02:00:00,6326.35,6342.64,6326.34,6342.59,6333.65508605482
2018-10-14 03:00:00,6341.01,6350.0,6331.1,6340.0,6340.25262851736
2018-10-14 04:00:00,6340.0,6371.03,6338.99,6363.11,6355.86306480942
2018-10-14 05:00:00,6363.11,6407.16,6363.11,6391.67,6382.36850298074
2018-10-14 06:00:00,6391.73,6399.34,6370.57,6375.73,6385.44845781337
2018-10-14 07:00:00,6375.73,6392.98,6375.0,6380.99,6384.94865008429
2018-10-14 08:00:00,6380.99,6395.22,6373.69,6379.95,6385.13661664002
2018-10-14 09:00:00,6379.95,6388.0,6371.0,6380.99,6378.29588811213
2018-10-14 10:00:00,6380.99,6382.72,6354.0,6363.6,6367.65651791615
2018-10-14 11:00:00,6361.02,6368.0,6353.27,6357.24,6360.38868871228
2018-10-14 12:00:00,6357.23,6364.5,6347.0,6361.01,6357.22678123478
2018-10-14 13:00:00,6361.01,6382.22,6360.71,6378.8,6372.44438020326
2018-10-14 14:00:00,6379.98,6383.0,6359.86,6360.06,6373.5125063004
2018-10-14 15:00:00,6361.94,6372.01,6360.0,6367.63,6366.11863442019
2018-10-14 16:00:00,6365.06,6385.5,6363.68,6380.77,6374.13598320334
2018-10-14 17:00:00,6380.77,6401.0,6376.11,6396.0,6388.9168507
2018-10-14 18:00:00,6396.0,6402.0,6384.55,6387.01,6390.17309801275
2018-10-14 19:00:00,6387.01,6405.58,6384.6,6397.0,6393.79639242805
2018-10-14 20:00:00,6397.0,6410.8,6393.09,6404.35,6402.11038502133
2018-10-14 21:00:00,6404.33,6408.78,6347.83,6367.0,6389.04199816867
2018-10-14 22:00:00,6367.0,6367.99,6351.59,6356.15,6359.25578740919
2018-10-14 23:00:00,6356.15,6376.76,6354.97,6363.35,6367.44701306573
2018-10-15 00:00:00,6362.07,6369.66,6308.0,6339.34,6348.0883626121
2018-10-15 01:00:00,6339.34,6368.27,6303.19,6346.52,6328.83263657753
2018-10-15 02:00:00,6346.52,6382.51,6346.52,6377.19,6361.19174652609
2018-10-15 03:00:00,6379.34,6380.48,6356.83,6364.64,6367.50385571004
2018-10-15 04:00:00,6364.62,6383.45,6364.62,6380.0,6371.95870108488
2018-10-15 05:00:00,6380.97,6392.66,6374.39,6390.54,6383.72276847045
2018-10-15 06:00:00,6392.49,6748.99,6390.53,6696.22,6517.7069413106
2018-10-15 07:00:00,6696.22,7599.99,6696.22,7415.0,7059.40220036151
2018-10-15 08:00:00,7410.09,7425.02,6863.04,6863.04,7119.3435232398
2018-10-15 09:00:00,6858.94,6965.58,6811.0,6830.64,6886.33304992914
2018-10-15 10:00:00,6825.01,6863.13,6722.0,6861.04,6807.93639083803
2018-10-15 11:00:00,6861.44,6954.0,6835.97,6932.0,6886.02521519136
2018-10-15 12:00:00,6931.96,7077.47,6922.0,6982.28,6991.3907149394
2018-10-15 13:00:00,6982.31,6998.75,6918.98,6934.97,6961.69210662672
2018-10-15 14:00:00,6934.97,6966.06,6906.29,6948.37,6944.26952120194
2018-10-15 15:00:00,6950.54,6950.54,6852.58,6857.05,6913.24488744004
2018-10-15 16:00:00,6861.32,6920.0,6857.51,6905.96,6887.98950629823
2018-10-15 17:00:00,6906.03,6958.94,6902.0,6927.49,6926.26576901172
2018-10-15 18:00:00,6927.49,6938.97,6864.99,6878.67,6904.83947182976
2018-10-15 19:00:00,6878.67,6900.0,6798.35,6810.01,6851.7129604571
2018-10-15 20:00:00,6810.03,6824.73,6738.3,6740.0,6783.90870362686
2018-10-15 21:00:00,6742.76,6766.99,6693.3,6706.03,6730.90046593341
2018-10-15 22:00:00,6708.0,6735.0,6650.03,6656.95,6687.16991371431
2018-10-15 23:00:00,6658.47,6752.0,6650.0,6722.86,6696.26804766798
2018-10-16 00:00:00,6722.86,6782.23,6722.86,6752.5,6751.96696714883
2018-10-16 01:00:00,6752.5,6752.5,6708.0,6732.2,6725.0746899224
2018-10-16 02:00:00,6732.2,6745.75,6692.04,6718.9,6722.38424855743
2018-10-16 03:00:00,6718.9,6745.0,6710.0,6744.99,6724.30717833183
2018-10-16 04:00:00,6744.96,6757.0,6728.1,6730.36,6742.88702345054
2018-10-16 05:00:00,6730.96,6741.91,6721.0,6730.8,6732.54514483324
2018-10-16 06:00:00,6729.92,6861.57,6724.85,6860.36,6759.15016319517
2018-10-16 07:00:00,6860.35,6900.0,6810.21,6818.01,6847.09664246183
2018-10-16 08:00:00,6818.01,6838.99,6811.0,6824.71,6827.50137305339
2018-10-16 09:00:00,6823.32,6829.9,6732.23,6760.7,6761.70340079603
2018-10-16 10:00:00,6759.61,6770.08,6738.85,6755.0,6754.25532003876
2018-10-16 11:00:00,6755.0,6780.81,6753.03,6769.21,6762.12402561368
2018-10-16 12:00:00,6773.37,6799.97,6769.21,6797.9,6780.21934202065
2018-10-16 13:00:00,6797.9,6799.0,6742.06,6759.04,6770.03115223512
2018-10-16 14:00:00,6759.04,6782.7,6750.71,6755.46,6768.12784382391
2018-10-16 15:00:00,6755.46,6763.38,6717.93,6719.0,6740.69711753748
2018-10-16 16:00:00,6719.0,6743.29,6712.65,6719.76,6730.28532815324
2018-10-16 17:00:00,6719.76,6721.79,6670.02,6699.96,6694.22453713762
2018-10-16 18:00:00,6699.98,6720.11,6697.0,6711.01,6709.59522190848
2018-10-16 19:00:00,6711.01,6740.01,6710.75,6730.66,6729.09222459634
2018-10-16 20:00:00,6730.66,6740.16,6713.65,6729.49,6724.03238543043
2018-10-16 21:00:00,6729.49,6739.55,6703.11,6723.0,6725.1472231823
2018-10-16 22:00:00,6723.03,6739.99,6707.23,6736.29,6720.78247288052
2018-10-16 23:00:00,6738.0,6739.86,6707.73,6728.57,6721.82381845714
2018-10-17 00:00:00,6727.53,6785.0,6720.38,6760.01,6752.34079152618
2018-10-17 01:00:00,6756.02,6761.18,6733.67,6752.0,6747.80160383282
2018-10-17 02:00:00,6751.05,6773.01,6751.05,6752.83,6761.43096441793
2018-10-17 03:00:00,6752.83,6768.02,6742.11,6765.0,6756.74798658666
2018-10-17 04:00:00,6765.0,6781.85,6761.0,6775.99,6769.74742389547
2018-10-17 05:00:00,6774.0,6785.2,6760.25,6776.71,6770.64842636567
2018-10-17 06:00:00,6776.71,6808.88,6757.01,6760.09,6771.47015126122
2018-10-17 07:00:00,6760.09,6770.0,6760.02,6764.02,6766.0580443657
2018-10-17 08:00:00,6764.02,6764.08,6742.6,6750.01,6752.5181161034
2018-10-17 09:00:00,6751.0,6780.06,6748.28,6768.11,6760.72156094576
2018-10-17 10:00:00,6768.11,6771.83,6713.33,6730.69,6743.78904511958
2018-10-17 11:00:00,6733.38,6735.0,6700.0,6704.8,6711.14946973417
2018-10-17 12:00:00,6704.8,6728.98,6676.01,6726.13,6703.53399220054
2018-10-17 13:00:00,6726.13,6735.3,6715.12,6727.27,6726.17201703064
2018-10-17 14:00:00,6727.27,6728.96,6700.03,6715.02,6715.42405216951
2018-10-17 15:00:00,6715.91,6760.02,6701.27,6746.0,6728.8970266985
2018-10-17 16:00:00,6746.13,6753.66,6729.69,6748.02,6742.35422767919
2018-10-17 17:00:00,6746.89,6754.6,6736.0,6751.02,6741.97675314151
2018-10-17 18:00:00,6751.03,6756.0,6738.54,6748.98,6746.58101585312
2018-10-17 19:00:00,6747.01,6750.0,6735.02,6742.51,6742.90737103726
2018-10-17 20:00:00,6742.19,6747.05,6715.0,6717.03,6736.38468279642
2018-10-17 21:00:00,6717.02,6736.58,6710.0,6729.41,6723.34607979135
2018-10-17 22:00:00,6729.41,6741.25,6723.38,6734.67,6731.62600562039
2018-10-17 23:00:00,6734.67,6753.6,6732.42,6737.0,6743.24670966873
2018-10-18 00:00:00,6738.0,6747.13,6725.6,6740.89,6738.37648412516
2018-10-18 01:00:00,6739.01,6750.01,6724.0,6740.9,6739.21569892111
2018-10-18 02:00:00,6740.9,6746.57,6732.0,6734.28,6738.57818800403
2018-10-18 03:00:00,6734.9,6748.9,6732.01,6743.1,6739.47297235644
2018-10-18 04:00:00,6743.95,6795.99,6739.27,6761.27,6759.11655113123
2018-10-18 05:00:00,6761.26,6765.82,6746.49,6751.31,6756.25619666383
2018-10-18 06:00:00,6751.31,6754.84,6717.53,6732.58,6740.13072793555
2018-10-18 07:00:00,6733.02,6745.42,6728.98,6733.12,6735.39021194339
2018-10-18 08:00:00,6734.29,6745.96,6730.01,6734.88,6735.91568195256
2018-10-18 09:00:00,6732.65,6736.11,6701.13,6723.43,6720.18041584834
2018-10-18 10:00:00,6723.0,6732.46,6715.0,6722.17,6724.74561334425
2018-10-18 11:00:00,6724.34,6736.29,6719.21,6729.14,6728.31221458087
2018-10-18 12:00:00,6729.14,6732.96,6707.0,6715.3,6722.24517367387
2018-10-18 13:00:00,6715.86,6725.0,6710.0,6718.36,6717.26542892711
2018-10-18 14:00:00,6719.49,6724.42,6703.46,6716.08,6714.37746287215
2018-10-18 15:00:00,6716.08,6719.0,6705.01,6707.42,6711.6938718259
2018-10-18 16:00:00,6707.42,6707.42,6672.82,6704.9,6696.79290408059
2018-10-18 17:00:00,6704.9,6715.0,6698.45,6710.91,6705.64702045241
2018-10-18 18:00:00,6710.91,6715.89,6613.54,6640.24,6687.54832952412
2018-10-18 19:00:00,6643.0,6666.08,6616.13,6634.0,6645.81595625999
2018-10-18 20:00:00,6634.6,6640.64,6612.0,6636.06,6627.23952639434
2018-10-18 21:00:00,6639.12,6644.47,6615.25,6618.03,6630.91232364302
2018-10-18 22:00:00,6618.72,6619.44,6575.0,6593.01,6595.97245909083
2018-10-18 23:00:00,6593.01,6617.97,6567.0,6601.96,6587.6377287155
2018-10-19 00:00:00,6599.28,6634.0,6597.71,6618.96,6615.60332112857
2018-10-19 01:00:00,6621.12,6648.07,6607.06,6632.39,6628.28644393216
2018-10-19 02:00:00,6633.57,6641.82,6595.14,6602.04,6620.52290846072
2018-10-19 03:00:00,6602.04,6629.86,6598.5,6625.0,6612.77910324623
2018-10-19 04:00:00,6626.11,6626.11,6600.0,6613.0,6613.33432638937
2018-10-19 05:00:00,6613.0,6638.11,6612.91,6629.11,6626.72606933051
2018-10-19 06:00:00,6629.11,6630.0,6586.39,6588.01,6613.84559144799
2018-10-19 07:00:00,6588.01,6588.01,6588.01,6588.01,6588.009765625
2018-10-19 08:00:00,6588.01,6588.01,6588.01,6588.01,6588.009765625
2018-10-19 09:00:00,6588.01,6588.01,6588.01,6588.01,6588.009765625
2018-10-19 10:00:00,6588.01,6615.54,6585.07,6600.9,6595.07088990549
2018-10-19 11:00:00,6603.32,6617.46,6597.0,6602.22,6606.78761666609
2018-10-19 12:00:00,6602.22,6607.0,6581.0,6586.65,6594.9084255401
2018-10-19 13:00:00,6583.11,6587.11,6551.87,6572.61,6569.97071970916
2018-10-19 14:00:00,6572.61,6589.7,6572.3,6580.0,6581.5208514581
2018-10-19 15:00:00,6580.0,6586.84,6557.55,6562.83,6571.62739007969
2018-10-19 16:00:00,6562.83,6572.44,6556.12,6572.35,6566.4370280129
2018-10-19 17:00:00,6572.35,6596.11,6562.0,6574.22,6576.93701253346
2018-10-19 18:00:00,6574.22,6580.83,6560.0,6568.28,6570.57981020885
2018-10-19 19:00:00,6567.23,6577.69,6565.0,6569.97,6571.33149218533
2018-10-19 20:00:00,6568.7,6574.96,6551.01,6555.36,6562.34920238333
2018-10-19 21:00:00,6555.37,6557.91,6523.0,6531.1,6535.89326953994
2018-10-19 22:00:00,6532.01,6542.12,6531.09,6541.4,6538.30518284205
2018-10-19 23:00:00,6539.76,6544.17,6528.46,6540.49,6535.64368992891
2018-10-20 00:00:00,6540.49,6545.48,6528.9,6529.84,6537.62978722017
2018-10-20 01:00:00,6530.65,6530.65,6511.0,6518.05,6519.92173161151
2018-10-20 02:00:00,6518.05,6547.99,6505.55,6546.38,6521.05380734453
2018-10-20 03:00:00,6545.23,6554.98,6531.43,6537.2,6544.56752728726
2018-10-20 04:00:00,6537.2,6545.55,6531.64,6543.54,6539.81923594446
2018-10-20 05:00:00,6544.01,6550.98,6538.37,6550.98,6544.22569076317
2018-10-20 06:00:00,6549.11,6556.41,6543.72,6551.46,6548.41971389329
2018-10-20 07:00:00,6551.48,6604.99,6551.48,6591.0,6572.03400887053
2018-10-20 08:00:00,6591.0,6595.89,6574.14,6576.43,6586.53565512244
2018-10-20 09:00:00,6576.43,6579.55,6566.0,6573.97,6573.73036012236
2018-10-20 10:00:00,6573.97,6587.49,6570.6,6580.03,6579.8931055122
2018-10-20 11:00:00,6580.03,6583.93,6571.0,6574.98,6576.98335743056
2018-10-20 12:00:00,6573.58,6601.02,6573.58,6597.78,6584.6219472917
2018-10-20 13:00:00,6596.62,6598.99,6580.32,6591.21,6588.31237711407
2018-10-20 14:00:00,6592.51,6615.01,6588.08,6608.02,6598.73941016277
2018-10-20 15:00:00,6608.01,6610.0,6586.06,6587.51,6595.41975703255
2018-10-20 16:00:00,6591.52,6593.99,6570.27,6573.16,6580.70393417512
2018-10-20 17:00:00,6573.13,6581.43,6570.0,6573.01,6574.46833232672
2018-10-20 18:00:00,6573.01,6584.79,6572.0,6579.53,6575.28337014
2018-10-20 19:00:00,6579.54,6585.87,6562.05,6565.15,6572.85616097965
2018-10-20 20:00:00,6565.15,6584.48,6562.2,6582.16,6572.19675996333
2018-10-20 21:00:00,6582.16,6591.1,6578.34,6589.38,6586.79128447841
2018-10-20 22:00:00,6592.32,6592.32,6585.06,6586.14,6587.97404885637
2018-10-20 23:00:00,6588.69,6597.0,6574.88,6590.01,6588.42560337224
2018-10-21 00:00:00,6590.01,6593.63,6571.34,6588.4,6582.97057195712
2018-10-21 01:00:00,6582.75,6601.18,6581.69,6597.0,6592.21101082366
2018-10-21 02:00:00,6597.0,6656.56,6597.0,6622.01,6620.00812942114
2018-10-21 03:00:00,6622.01,6632.26,6615.0,6622.73,6625.5886113694
2018-10-21 04:00:00,6622.73,6627.62,6611.75,6614.53,6620.75585421519
2018-10-21 05:00:00,6616.62,6623.89,6612.0,6618.43,6618.91764286707
2018-10-21 06:00:00,6618.42,6622.6,6606.08,6617.01,6615.25207913306
2018-10-21 07:00:00,6617.01,6621.17,6610.12,6613.57,6615.68847493309
2018-10-21 08:00:00,6613.57,6626.45,6610.95,6620.52,6619.50951523829
2018-10-21 09:00:00,6620.0,6625.0,6613.89,6621.99,6619.39628303031
2018-10-21 10:00:00,6620.56,6633.13,6616.13,6627.61,6624.07366203334
2018-10-21 11:00:00,6627.61,6640.0,6626.11,6635.14,6633.81452862121
2018-10-21 12:00:00,6636.0,6638.38,6615.99,6618.51,6624.29012677932
2018-10-21 13:00:00,6618.51,6625.71,6616.0,6622.73,6620.89376325257
2018-10-21 14:00:00,6622.73,6642.0,6621.57,6636.12,6630.40270330749
2018-10-21 15:00:00,6637.09,6658.02,6634.6,6650.06,6647.10481589485
2018-10-21 16:00:00,6651.93,6657.74,6635.02,6645.0,6644.86044199501
2018-10-21 17:00:00,6645.0,6647.99,6630.86,6637.0,6639.73035659196
2018-10-21 18:00:00,6637.0,6641.79,6620.97,6630.01,6630.02020501295
2018-10-21 19:00:00,6630.01,6632.74,6622.0,6626.91,6628.20251668521
2018-10-21 20:00:00,6626.86,6631.0,6622.98,6627.46,6627.50060695695
2018-10-21 21:00:00,6627.45,6632.53,6622.91,6628.56,6627.43793798502
2018-10-21 22:00:00,6631.57,6631.57,6622.0,6622.04,6625.54378916027
2018-10-21 23:00:00,6622.04,6625.13,6588.91,6590.65,6606.69086718533
2018-10-22 00:00:00,6588.91,6606.34,6580.0,6590.11,6594.04135690561
2018-10-22 01:00:00,6590.11,6596.15,6555.42,6593.0,6581.23681640625
2018-10-22 02:00:00,6593.0,6609.0,6585.0,6606.14,6596.79768985154
2018-10-22 03:00:00,6607.8,6615.0,6584.01,6589.98,6601.07043280511
2018-10-22 04:00:00,6589.98,6599.6,6587.0,6597.91,6593.80056453785
2018-10-22 05:00:00,6597.91,6628.79,6595.0,6620.32,6615.22507267189
2018-10-22 06:00:00,6621.8,6632.82,6615.0,6623.46,6624.17861643145
2018-10-22 07:00:00,6623.5,6639.0,6622.79,6629.52,6631.22753824779
2018-10-22 08:00:00,6629.52,6631.0,6606.11,6615.63,6621.27133357027
2018-10-22 09:00:00,6615.06,6619.13,6569.58,6581.0,6589.185455577
2018-10-22 10:00:00,6581.0,6595.68,6579.66,6591.37,6587.29846693809
2018-10-22 11:00:00,6591.57,6599.82,6579.12,6588.46,6589.91087509342
2018-10-22 12:00:00,6587.8,6601.84,6579.06,6594.0,6589.70957177897
2018-10-22 13:00:00,6593.01,6595.69,6581.1,6583.77,6587.42878701916
2018-10-22 14:00:00,6583.77,6584.97,6542.72,6573.99,6566.15051065854
2018-10-22 15:00:00,6573.99,6574.99,6558.0,6567.17,6567.21017478132
2018-10-22 16:00:00,6570.91,6574.23,6559.45,6563.49,6569.0502951413
2018-10-22 17:00:00,6562.7,6579.0,6558.54,6577.9,6571.75441299795
2018-10-22 18:00:00,6577.9,6584.01,6573.13,6576.01,6579.74707004093
2018-10-22 19:00:00,6576.02,6580.0,6552.48,6563.03,6567.61840643694
2018-10-22 20:00:00,6563.03,6566.82,6551.3,6560.13,6561.49456861791
2018-10-22 21:00:00,6563.0,6589.36,6560.49,6580.0,6573.90219275758
2018-10-22 22:00:00,6579.99,6590.08,6571.85,6578.0,6581.2822599655
2018-10-22 23:00:00,6578.01,6584.56,6570.77,6576.96,6578.96989412064
2018-10-23 00:00:00,6576.26,6585.0,6571.54,6581.21,6579.13390502251
2018-10-23 01:00:00,6579.6,6589.13,6565.65,6585.83,6579.08857199188
2018-10-23 02:00:00,6585.83,6595.0,6582.15,6588.05,6588.34790527887
2018-10-23 03:00:00,6588.05,6594.22,6587.23,6590.42,6589.85087260234
2018-10-23 04:00:00,6590.42,6592.28,6565.6,6575.74,6584.81734343498
2018-10-23 05:00:00,6577.88,6586.5,6570.07,6586.5,6576.98636044172
2018-10-23 06:00:00,6585.01,6587.78,6579.01,6585.39,6583.89846900202
2018-10-23 07:00:00,6585.39,6587.99,6567.87,6576.59,6578.39641268076
2018-10-23 08:00:00,6576.6,6581.91,6567.38,6572.04,6573.82833084938
2018-10-23 09:00:00,6571.21,6580.0,6569.03,6573.81,6573.44977030685
2018-10-23 10:00:00,6572.99,6574.13,6536.15,6550.7,6555.85094250773
2018-10-23 11:00:00,6550.7,6556.12,6516.5,6542.47,6543.40998977814
2018-10-23 12:00:00,6542.46,6552.33,6533.87,6541.86,6544.03756669737
2018-10-23 13:00:00,6541.86,6570.0,6534.64,6567.99,6550.32222896317
2018-10-23 14:00:00,6567.99,6584.96,6561.7,6562.31,6572.38159016746
2018-10-23 15:00:00,6562.31,6566.75,6553.51,6559.69,6561.02981204159
2018-10-23 16:00:00,6559.65,6573.98,6555.71,6556.6,6565.08863691232
2018-10-23 17:00:00,6556.6,6570.0,6556.59,6568.62,6564.39341393642
2018-10-23 18:00:00,6568.62,6574.14,6555.0,6558.44,6564.46439213058
2018-10-23 19:00:00,6558.44,6564.99,6555.0,6560.93,6559.85130572438
2018-10-23 20:00:00,6560.93,6589.93,6558.0,6577.71,6570.77739779225
2018-10-23 21:00:00,6576.52,6582.29,6553.71,6553.74,6567.43177730027
2018-10-23 22:00:00,6553.72,6561.24,6550.66,6552.0,6555.52113595184
2018-10-23 23:00:00,6552.0,6554.25,6541.01,6547.48,6548.17310059137
2018-10-24 00:00:00,6547.48,6558.28,6545.2,6553.51,6553.04391598304
2018-10-24 01:00:00,6553.51,6570.0,6547.53,6566.52,6561.48319639009
2018-10-24 02:00:00,6566.52,6573.83,6560.12,6569.04,6567.81688013809
2018-10-24 03:00:00,6569.04,6573.0,6561.2,6569.3,6568.90772516338
2018-10-24 04:00:00,6569.29,6586.99,6569.29,6581.65,6577.59121653182
2018-10-24 05:00:00,6581.65,6623.0,6571.17,6617.41,6580.98987373123
2018-10-24 06:00:00,6620.95,6628.19,6601.68,6615.89,6613.09420868022
2018-10-24 07:00:00,6615.09,6622.0,6612.0,6613.86,6616.7282000617
2018-10-24 08:00:00,6612.05,6615.63,6600.01,6610.95,6606.58585548613
2018-10-24 09:00:00,6610.95,6620.0,6595.66,6599.99,6611.42487370444
2018-10-24 10:00:00,6598.68,6606.81,6592.69,6605.11,6600.94676919668
2018-10-24 11:00:00,6605.15,6618.93,6601.09,6605.05,6609.02076824727
2018-10-24 12:00:00,6605.05,6609.0,6594.0,6600.53,6602.06056588484
2018-10-24 13:00:00,6600.53,6610.82,6600.0,6606.96,6605.13080804844
2018-10-24 14:00:00,6608.0,6616.41,6603.9,6608.16,6610.63079772881
2018-10-24 15:00:00,6608.21,6620.0,6604.17,6613.69,6613.85355310154
2018-10-24 16:00:00,6611.73,6615.96,6580.42,6580.99,6593.35259310475
2018-10-24 17:00:00,6580.61,6596.99,6574.68,6590.14,6590.18992321112
2018-10-24 18:00:00,6590.14,6601.93,6585.0,6594.83,6594.98651089101
2018-10-24 19:00:00,6594.82,6596.74,6584.62,6585.99,6592.08394852788
2018-10-24 20:00:00,6585.01,6590.54,6566.01,6578.82,6577.82347302124
2018-10-24 21:00:00,6578.82,6588.09,6574.0,6576.54,6578.79097239743
2018-10-24 22:00:00,6576.53,6583.0,6566.0,6578.02,6575.36037740468
2018-10-24 23:00:00,6578.02,6579.94,6563.1,6563.1,6575.02873445538
2018-10-25 00:00:00,6563.1,6570.85,6555.0,6566.81,6562.26078292287
2018-10-25 01:00:00,6566.81,6575.08,6558.54,6570.33,6565.04077935988
2018-10-25 02:00:00,6570.34,6574.16,6505.19,6512.89,6559.83653630988
2018-10-25 03:00:00,6515.79,6541.69,6512.9,6541.69,6526.99460879895
2018-10-25 04:00:00,6541.7,6542.13,6525.0,6536.0,6534.64089303871
2018-10-25 05:00:00,6536.0,6547.68,6530.47,6539.99,6541.75647094862
2018-10-25 06:00:00,6539.99,6549.05,6527.41,6539.01,6539.42333549864
2018-10-25 07:00:00,6539.01,6556.22,6537.13,6553.54,6547.85686841717
2018-10-25 08:00:00,6553.54,6557.02,6545.0,6553.25,6552.20767188152
2018-10-25 09:00:00,6553.25,6557.99,6543.05,6549.98,6552.69346773107
2018-10-25 10:00:00,6549.98,6550.0,6541.78,6545.5,6545.38218191654
2018-10-25 11:00:00,6545.5,6548.98,6536.16,6540.99,6542.96567094949
2018-10-25 12:00:00,6540.99,6560.0,6538.55,6546.0,6548.85115650419
2018-10-25 13:00:00,6544.99,6558.0,6542.35,6552.34,6550.1145435032
2018-10-25 14:00:00,6552.9,6569.0,6547.18,6560.54,6556.00522553271
2018-10-25 15:00:00,6560.54,6570.0,6556.0,6556.0,6559.78738881961
2018-10-25 16:00:00,6556.0,6559.0,6541.0,6547.36,6550.87637142398
2018-10-25 17:00:00,6546.14,6555.15,6541.04,6549.7,6550.00175325014
2018-10-25 18:00:00,6549.74,6556.99,6542.0,6547.79,6549.51976179705
2018-10-25 19:00:00,6547.74,6562.46,6545.11,6558.8,6553.0413461246
2018-10-25 20:00:00,6560.0,6563.82,6550.32,6551.28,6555.87654359879
2018-10-25 21:00:00,6553.0,6554.98,6541.04,6545.0,6547.35879085486
2018-10-25 22:00:00,6544.7,6549.9,6535.0,6539.01,6540.91447365562
2018-10-25 23:00:00,6539.01,6559.52,6535.96,6557.42,6549.22416291539
2018-10-26 00:00:00,6557.42,6559.02,6528.0,6528.09,6541.11211540383
2018-10-26 01:00:00,6528.09,6546.91,6525.2,6536.8,6539.32362211268
2018-10-26 02:00:00,6537.93,6545.74,6527.88,6533.24,6539.49774950683
2018-10-26 03:00:00,6533.24,6539.0,6529.73,6531.84,6533.30152562092
2018-10-26 04:00:00,6533.0,6539.35,6529.07,6529.16,6535.4028974794
2018-10-26 05:00:00,6529.17,6539.02,6524.09,6530.82,6529.63111057642
2018-10-26 06:00:00,6530.02,6541.34,6528.1,6538.5,6536.77831460955
2018-10-26 07:00:00,6538.5,6541.98,6533.42,6539.2,6538.224308748
2018-10-26 08:00:00,6539.5,6541.3,6520.0,6533.61,6532.97618813292
2018-10-26 09:00:00,6533.6,6599.96,6528.0,6583.53,6543.44827776305
2018-10-26 10:00:00,6583.53,6587.66,6560.0,6560.0,6568.53340093733
2018-10-26 11:00:00,6560.0,6561.13,6551.53,6554.2,6555.38386863225
2018-10-26 12:00:00,6554.2,6564.62,6551.5,6557.93,6558.93216692592
2018-10-26 13:00:00,6557.9,6560.79,6539.37,6543.28,6547.18103991414
2018-10-26 14:00:00,6542.01,6543.96,6525.13,6532.09,6537.62672392068
2018-10-26 15:00:00,6532.09,6540.87,6516.69,6540.55,6529.24750672405
2018-10-26 16:00:00,6540.54,6554.89,6528.93,6544.0,6540.45383841204
2018-10-26 17:00:00,6542.52,6556.43,6539.99,6549.81,6547.2621907371
2018-10-26 18:00:00,6548.61,6555.99,6544.64,6544.64,6548.96030827439
2018-10-26 19:00:00,6544.64,6552.96,6533.08,6539.8,6541.21724224833
2018-10-26 20:00:00,6539.38,6545.98,6538.03,6544.99,6540.89435581636
2018-10-26 21:00:00,6544.99,6550.52,6539.41,6545.58,6544.01416015625
2018-10-26 22:00:00,6545.58,6545.58,6531.5,6540.75,6538.97008883569
2018-10-26 23:00:00,6540.76,6544.0,6537.04,6540.0,6541.24133640243
2018-10-27 00:00:00,6537.02,6542.0,6526.24,6539.9,6536.36229083748
2018-10-27 01:00:00,6538.63,6549.35,6537.41,6544.12,6542.2211927641
2018-10-27 02:00:00,6545.38,6548.0,6538.38,6546.03,6545.08598122263
2018-10-27 03:00:00,6546.03,6548.74,6540.0,6543.08,6543.14323179183
2018-10-27 04:00:00,6543.09,6558.35,6540.2,6550.06,6547.40651966812
2018-10-27 05:00:00,6550.06,6554.62,6540.43,6546.17,6547.02575126877
2018-10-27 06:00:00,6546.17,6553.77,6540.0,6544.26,6545.72913398785
2018-10-27 07:00:00,6544.26,6552.07,6540.46,6546.93,6545.00825434293
2018-10-27 08:00:00,6549.87,6550.89,6545.0,6545.09,6547.16700332183
2018-10-27 09:00:00,6545.0,6547.53,6540.0,6540.0,6544.43255717073
2018-10-27 10:00:00,6540.0,6551.99,6536.28,6545.46,6541.48130898481
2018-10-27 11:00:00,6545.46,6546.11,6534.03,6535.74,6541.11703650758
2018-10-27 12:00:00,6535.74,6548.32,6533.01,6535.04,6536.34312186066
2018-10-27 13:00:00,6535.0,6539.46,6530.88,6535.98,6535.65710707209
2018-10-27 14:00:00,6535.98,6541.27,6523.0,6523.96,6534.48982620664
2018-10-27 15:00:00,6523.97,6525.44,6507.08,6511.89,6516.7805450066
2018-10-27 16:00:00,6511.89,6516.63,6476.49,6494.93,6501.7505529147
2018-10-27 17:00:00,6493.86,6500.97,6478.57,6498.27,6488.22225677185
2018-10-27 18:00:00,6498.27,6504.61,6492.12,6495.97,6497.98745405051
2018-10-27 19:00:00,6495.97,6498.04,6485.0,6486.73,6493.18127387032
2018-10-27 20:00:00,6488.45,6492.42,6482.44,6489.93,6488.88132321503
2018-10-27 21:00:00,6490.08,6499.15,6482.01,6495.14,6489.75977921858
2018-10-27 22:00:00,6495.14,6514.0,6494.0,6509.2,6501.4232304014
2018-10-27 23:00:00,6509.2,6509.2,6493.86,6502.97,6504.06218208733
2018-10-28 00:00:00,6502.0,6506.95,6497.01,6505.6,6501.90656855056
2018-10-28 01:00:00,6506.82,6506.83,6493.84,6496.23,6501.03157072311
2018-10-28 02:00:00,6496.07,6504.45,6496.07,6498.76,6499.43001710345
2018-10-28 03:00:00,6498.76,6505.5,6498.74,6504.53,6502.27190829437
2018-10-28 04:00:00,6504.53,6507.32,6495.06,6500.21,6501.8062319135
2018-10-28 05:00:00,6499.79,6508.82,6497.44,6504.03,6503.08353031146
2018-10-28 06:00:00,6504.03,6514.0,6501.02,6513.99,6508.04689238042
2018-10-28 07:00:00,6513.99,6514.0,6494.95,6497.35,6509.75155147429
2018-10-28 08:00:00,6497.05,6506.73,6479.99,6492.97,6493.45301827334
2018-10-28 09:00:00,6492.98,6493.3,6482.37,6492.12,6488.08910589674
2018-10-28 10:00:00,6492.15,6497.94,6489.23,6491.83,6493.40876151007
2018-10-28 11:00:00,6491.83,6494.14,6483.0,6490.01,6488.41664865258
2018-10-28 12:00:00,6491.85,6496.3,6487.13,6493.22,6490.61996130683
2018-10-28 13:00:00,6493.22,6500.0,6491.52,6498.79,6496.20022029686
2018-10-28 14:00:00,6498.83,6514.17,6496.98,6507.1,6503.71296775063
2018-10-28 15:00:00,6506.07,6508.88,6500.11,6505.9,6505.27151940741
2018-10-28 16:00:00,6505.9,6509.82,6486.14,6488.02,6504.60708811657
2018-10-28 17:00:00,6487.01,6495.04,6475.46,6494.55,6489.05590820312
2018-10-28 18:00:00,6492.43,6500.47,6485.76,6488.39,6494.53601087797
2018-10-28 19:00:00,6488.51,6491.94,6476.46,6477.26,6482.20174054071
2018-10-28 20:00:00,6477.26,6490.8,6466.36,6468.65,6483.66829273194
2018-10-28 21:00:00,6468.65,6486.43,6458.01,6476.09,6474.91653622297
2018-10-28 22:00:00,6476.09,6483.56,6468.0,6474.99,6475.96138830471
2018-10-28 23:00:00,6474.99,6482.03,6471.34,6474.67,6475.27171683815
2018-10-29 00:00:00,6474.67,6504.86,6474.48,6489.93,6490.16793073033
2018-10-29 01:00:00,6489.93,6495.61,6486.6,6494.03,6490.24157864207
2018-10-29 02:00:00,6494.03,6494.97,6479.36,6491.52,6487.54977019822
2018-10-29 03:00:00,6491.51,6505.0,6488.31,6496.24,6494.40776942914
2018-10-29 04:00:00,6496.24,6500.17,6491.67,6496.94,6497.06918413037
2018-10-29 05:00:00,6496.94,6502.33,6493.01,6497.86,6497.65111761549
2018-10-29 06:00:00,6497.86,6501.25,6495.88,6496.63,6496.89729962545
2018-10-29 07:00:00,6496.63,6497.74,6495.54,6497.0,6496.20879346192
2018-10-29 08:00:00,6497.77,6502.68,6497.0,6498.98,6498.81529021741
2018-10-29 09:00:00,6498.94,6501.0,6495.29,6498.07,6497.02206498975
2018-10-29 10:00:00,6497.05,6499.0,6483.6,6488.39,6494.18757495307
2018-10-29 11:00:00,6488.39,6496.88,6483.68,6490.23,6491.51857722774
2018-10-29 12:00:00,6490.23,6491.92,6392.03,6427.46,6441.49398664532
2018-10-29 13:00:00,6428.01,6429.77,6316.0,6352.01,6379.87664244994
2018-10-29 14:00:00,6354.88,6397.0,6351.0,6367.99,6368.81273870924
2018-10-29 15:00:00,6368.76,6379.5,6356.0,6366.89,6367.90744218837
2018-10-29 16:00:00,6366.08,6383.99,6364.27,6382.56,6374.89791527261
2018-10-29 17:00:00,6383.29,6385.47,6360.0,6368.06,6368.61905317975
2018-10-29 18:00:00,6368.04,6371.92,6349.89,6354.85,6359.497178397
2018-10-29 19:00:00,6354.82,6365.23,6350.01,6361.24,6358.64340449172
2018-10-29 20:00:00,6361.55,6362.99,6331.0,6336.1,6351.13688848069
2018-10-29 21:00:00,6336.1,6349.76,6325.33,6333.42,6343.23936160963
2018-10-29 22:00:00,6332.01,6345.32,6317.0,6324.03,6326.64605502425
2018-10-29 23:00:00,6324.0,6346.85,6320.33,6346.5,6333.93301286369
2018-10-30 00:00:00,6346.5,6346.85,6339.43,6344.5,6343.40074719523
2018-10-30 01:00:00,6344.5,6361.37,6344.5,6358.68,6355.08928835385
2018-10-30 02:00:00,6357.07,6359.23,6340.4,6347.9,6352.2411036677
2018-10-30 03:00:00,6347.9,6361.47,6341.68,6355.31,6351.77488550647
2018-10-30 04:00:00,6353.77,6378.62,6352.0,6363.76,6362.30259804731
2018-10-30 05:00:00,6361.07,6380.86,6359.98,6380.86,6368.93626436057
2018-10-30 06:00:00,6380.85,6389.73,6361.55,6369.81,6375.45155207175
2018-10-30 07:00:00,6369.81,6387.93,6368.18,6386.38,6374.30134502746
2018-10-30 08:00:00,6383.2,6387.9,6366.93,6373.0,6377.63678229717
2018-10-30 09:00:00,6373.0,6373.0,6346.99,6353.5,6359.98664640399
2018-10-30 10:00:00,6354.57,6359.24,6348.06,6349.26,6352.93177559485
2018-10-30 11:00:00,6349.26,6352.8,6345.55,6348.28,6349.14199316515
2018-10-30 12:00:00,6348.28,6360.59,6335.19,6359.02,6349.22912719862
2018-10-30 13:00:00,6359.02,6376.47,6359.01,6364.03,6366.99185835824
2018-10-30 14:00:00,6364.4,6367.17,6350.83,6358.3,6361.4015377329
2018-10-30 15:00:00,6356.47,6360.22,6345.91,6348.53,6353.27354938647
2018-10-30 16:00:00,6348.52,6355.49,6345.0,6350.3,6350.76049560275
2018-10-30 17:00:00,6353.97,6354.97,6337.54,6339.0,6344.82254452647
2018-10-30 18:00:00,6338.94,6345.0,6338.0,6341.96,6342.17880571512
2018-10-30 19:00:00,6340.04,6344.91,6329.03,6338.55,6338.84928005008
2018-10-30 20:00:00,6338.53,6344.46,6326.57,6331.99,6336.80483849242
2018-10-30 21:00:00,6331.0,6345.0,6326.55,6345.0,6334.49080358384
2018-10-30 22:00:00,6345.0,6349.68,6322.11,6326.53,6335.80089530902
2018-10-30 23:00:00,6326.53,6348.91,6317.01,6323.9,6331.05248127259
2018-10-31 00:00:00,6324.55,6337.01,6323.01,6330.87,6331.28779535856
2018-10-31 01:00:00,6330.01,6344.99,6330.01,6343.43,6338.50897508734
2018-10-31 02:00:00,6343.45,6346.96,6330.57,6335.69,6338.47941017363
2018-10-31 03:00:00,6337.17,6340.34,6330.03,6338.49,6335.00360426516
2018-10-31 04:00:00,6338.41,6342.18,6334.98,6339.0,6338.9533737573
2018-10-31 05:00:00,6338.81,6342.05,6335.0,6339.09,6338.02590606316
2018-10-31 06:00:00,6339.09,6342.87,6337.02,6339.05,6339.74874589387
2018-10-31 07:00:00,6337.58,6340.0,6327.97,6333.91,6336.94893845046
2018-10-31 08:00:00,6333.91,6335.5,6331.66,6335.34,6333.94789228885
2018-10-31 09:00:00,6335.33,6335.34,6326.0,6329.34,6330.73499064716
2018-10-31 10:00:00,6329.34,6332.74,6320.7,6328.01,6327.95748259785
2018-10-31 11:00:00,6325.0,6340.82,6320.0,6337.18,6331.83892557486
2018-10-31 12:00:00,6337.18,6342.98,6329.74,6331.87,6334.68918291374
2018-10-31 13:00:00,6331.88,6338.0,6330.83,6334.73,6335.41858521187
2018-10-31 14:00:00,6334.73,6335.9,6310.33,6313.55,6327.71114117683
2018-10-31 15:00:00,6313.55,6321.98,6265.25,6265.25,6310.70785003085
2018-10-31 16:00:00,6263.79,6420.65,6245.1,6394.8,6307.64834652435
2018-10-31 17:00:00,6393.38,6393.38,6355.15,6378.1,6372.62872375556
2018-10-31 18:00:00,6378.1,6387.73,6351.53,6359.63,6372.69321815907
2018-10-31 19:00:00,6359.64,6377.93,6355.01,6367.0,6366.75063737269
2018-10-31 20:00:00,6367.0,6377.04,6359.0,6371.37,6366.90941363862
2018-10-31 21:00:00,6371.37,6384.64,6363.64,6369.01,6370.43977031771
2018-10-31 22:00:00,6369.01,6375.26,6367.04,6371.92,6371.71189803992
2018-10-31 23:00:00,6371.92,6384.0,6367.0,6373.82,6375.24510415218
2018-11-01 00:00:00,6377.99,6380.0,6365.0,6369.52,6373.15844753719
